symbol,source_category
AAPL,core
MSFT,core
NVDA,core
AMZN,core
META,core
GOOGL,core
AVGO,core
TSLA,core
NFLX,core
AMD,core
ORCL,core
CRM,core
ADBE,core
INTU,core
QCOM,core
MU,core
PANW,core
CRWD,core
DDOG,core
SNOW,core
PLTR,core
SHOP,core
NOW,core
ANET,core
INTC,core
ARM,core
ASML,core
TSM,core
AMAT,core
LRCX,core
KLAC,core
MRVL,core
UBER,core
ABNB,core
MSTR,core
COIN,core
APP,core
RBLX,core
MDB,core
ZS,core
JPM,core
GS,core
MS,core
BAC,core
WFC,core
BLK,core
BRK-B,core
V,core
MA,core
AXP,core
CAT,core
DE,core
HON,core
GE,core
RTX,core
LMT,core
BA,core
UNP,core
UPS,core
FDX,core
WMT,core
COST,core
PG,core
KO,core
PEP,core
MCD,core
HD,core
LOW,core
NKE,core
SBUX,core
JNJ,core
LLY,core
UNH,core
MRK,core
ABBV,core
PFE,core
TMO,core
ISRG,core
DHR,core
SYK,core
XOM,core
CVX,core
COP,core
SLB,core
EOG,core
MPC,core
VLO,core
OXY,core
DVN,core
HAL,core
SPY,core
QQQ,core
DIA,core
IWM,core
SMH,core
SOXX,core
XLK,core
XLE,core
XLF,core
XLV,core
ARKK,core
IBIT,core
GLD,core
SLV,core
USO,core
TLT,core
HYG,core
UUP,core
VNQ,core
BTC-USD,core
ETH-USD,core
RGTI,required_opportunity
QBTS,required_opportunity
QUBT,required_opportunity
IONQ,required_opportunity
LITE,required_opportunity
SNDK,required_opportunity
RKLB,required_opportunity
ASTS,required_opportunity
LUNR,required_opportunity
TEM,required_opportunity
SOUN,required_opportunity
HIMS,required_opportunity
PL,required_opportunity
SMCI,ai
DELL,ai
HPE,ai
AI,ai
PATH,ai
BBAI,ai
RXRX,ai
SERV,ai
VRT,ai
CEG,ai
OKLO,ai
NBIS,ai
GTLB,ai
ESTC,ai
NET,ai
HUBS,ai
TEAM,ai
DT,ai
TOST,ai
DUOL,ai
TTD,ai
SE,ai
MELI,ai
DASH,ai
RBRK,ai
ARQQ,quantum
IBM,quantum
COHR,quantum
MKSI,quantum
HOOD,crypto_proxies
MARA,crypto_proxies
RIOT,crypto_proxies
CLSK,crypto_proxies
HUT,crypto_proxies
HIVE,crypto_proxies
BTBT,crypto_proxies
IREN,crypto_proxies
WULF,crypto_proxies
CORZ,crypto_proxies
CIFR,crypto_proxies
CAN,crypto_proxies
BITB,crypto_proxies
FBTC,crypto_proxies
ARKB,crypto_proxies
GBTC,crypto_proxies
ETHA,crypto_proxies
ETHE,crypto_proxies
BITO,crypto_proxies
BLOK,crypto_proxies
BKCH,crypto_proxies
SPIR,space
IRDM,space
SATS,space
GSAT,space
NOC,space
SPCE,space
BKSY,space
VSAT,space
TDY,space
HEI,space
GD,defense
HII,defense
LHX,defense
LDOS,defense
KTOS,defense
AVAV,defense
TXT,defense
TDG,defense
CW,defense
BWXT,defense
MRCY,defense
HWM,defense
SAIC,defense
CACI,defense
OSK,defense
AXON,defense
LOAR,defense
CRSP,biotech
NTLA,biotech
EDIT,biotech
BEAM,biotech
VRTX,biotech
REGN,biotech
MRNA,biotech
BNTX,biotech
GILD,biotech
BIIB,biotech
ALNY,biotech
SRPT,biotech
RARE,biotech
TGTX,biotech
EXEL,biotech
VKTX,biotech
NTRA,biotech
DNA,biotech
TMDX,biotech
IOVA,biotech
AXSM,biotech
HALO,biotech
IMVT,biotech
LEGN,biotech
ARGX,biotech
PCVX,biotech
INCY,biotech
IONS,biotech
TWST,biotech
DNLI,biotech
BBIO,biotech
ACLX,biotech
VIR,biotech
NVAX,biotech
APLS,biotech
MDGL,biotech
RVMD,biotech
FOLD,biotech
BILL,growth
AFRM,growth
UPST,growth
ROKU,growth
FROG,growth
CELH,growth
ELF,growth
CAVA,growth
ONON,growth
RIVN,growth
LCID,growth
GM,growth
F,growth
DKNG,growth
PINS,growth
SNAP,growth
RDDT,growth
SOFI,growth
NU,growth
FOUR,growth
GLOB,growth
MNDY,growth
XYZ,growth
FSLR,momentum_midcap
ENPH,momentum_midcap
WOLF,momentum_midcap
ACLS,momentum_midcap
AEHR,momentum_midcap
CAMT,momentum_midcap
SITM,momentum_midcap
ON,momentum_midcap
NXPI,momentum_midcap
MP,momentum_midcap
ALB,momentum_midcap
PYPL,momentum_midcap
DOCN,momentum_midcap
TENB,momentum_midcap
S,momentum_midcap
IOT,momentum_midcap
SMR,momentum_midcap
NNE,momentum_midcap
BE,momentum_midcap
FLNC,momentum_midcap
ARRY,momentum_midcap
RUN,momentum_midcap
NXT,momentum_midcap
BLDR,momentum_midcap
FIX,momentum_midcap
ONTO,momentum_midcap
LSCC,momentum_midcap
MTSI,momentum_midcap
POWI,momentum_midcap
RMBS,momentum_midcap
NVMI,momentum_midcap
SYNA,momentum_midcap
BIRK,emerging_leaders
KVYO,emerging_leaders
CART,emerging_leaders
CRAI,nasdaqtrader_nasdaq
RL,nasdaqtrader_otherlisted
SFBS,nasdaqtrader_otherlisted
FBIZ,nasdaqtrader_nasdaq
FANG,nasdaqtrader_nasdaq
SUPN,nasdaqtrader_nasdaq
AURE,nasdaqtrader_nasdaq
FWRG,nasdaqtrader_nasdaq
ADVB,nasdaqtrader_nasdaq
IQST,nasdaqtrader_nasdaq
TXNM,nasdaqtrader_otherlisted
TTEK,nasdaqtrader_nasdaq
KEX,nasdaqtrader_otherlisted
PXED,nasdaqtrader_otherlisted
GCO,nasdaqtrader_otherlisted
SLGN,nasdaqtrader_otherlisted
SJ,nasdaqtrader_nasdaq
FDBC,nasdaqtrader_nasdaq
TPCS,nasdaqtrader_nasdaq
SM,nasdaqtrader_otherlisted
PKOH,nasdaqtrader_nasdaq
CHGG,nasdaqtrader_otherlisted
AOSL,nasdaqtrader_nasdaq
A,nasdaqtrader_otherlisted
SANG,nasdaqtrader_nasdaq
RACC,nasdaqtrader_nasdaq
OUT,nasdaqtrader_otherlisted
AACI,nasdaqtrader_nasdaq
FNWD,nasdaqtrader_nasdaq
AGEN,nasdaqtrader_nasdaq
ICLR,nasdaqtrader_nasdaq
HOV,nasdaqtrader_otherlisted
TRNR,nasdaqtrader_nasdaq
MMYT,nasdaqtrader_nasdaq
RCMT,nasdaqtrader_nasdaq
BFST,nasdaqtrader_nasdaq
FDP,nasdaqtrader_otherlisted
BSVN,nasdaqtrader_nasdaq
AIFU,nasdaqtrader_nasdaq
YEXT,nasdaqtrader_otherlisted
RRX,nasdaqtrader_otherlisted
BIPC,nasdaqtrader_otherlisted
ACHR,nasdaqtrader_otherlisted
EMAT,nasdaqtrader_nasdaq
TDC,nasdaqtrader_otherlisted
PTLE,nasdaqtrader_nasdaq
MTB,nasdaqtrader_otherlisted
ELTK,nasdaqtrader_nasdaq
TNET,nasdaqtrader_otherlisted
DYOR,nasdaqtrader_nasdaq
HMH,nasdaqtrader_nasdaq
IMRX,nasdaqtrader_nasdaq
MIND,nasdaqtrader_nasdaq
SPHL,nasdaqtrader_nasdaq
PFG,nasdaqtrader_nasdaq
RMIX,nasdaqtrader_nasdaq
IVR,nasdaqtrader_otherlisted
FCEL,nasdaqtrader_nasdaq
BENF,nasdaqtrader_nasdaq
HTLD,nasdaqtrader_nasdaq
LUD,nasdaqtrader_otherlisted
BCSS,nasdaqtrader_otherlisted
BBCQ,nasdaqtrader_nasdaq
HIT,nasdaqtrader_nasdaq
GRMN,nasdaqtrader_otherlisted
BEEP,nasdaqtrader_nasdaq
WING,nasdaqtrader_nasdaq
PPLI,nasdaqtrader_nasdaq
ZKIN,nasdaqtrader_nasdaq
OPK,nasdaqtrader_nasdaq
ONB,nasdaqtrader_nasdaq
RXT,nasdaqtrader_nasdaq
TRAX,nasdaqtrader_nasdaq
ASAN,nasdaqtrader_otherlisted
PBM,nasdaqtrader_nasdaq
IMO,nasdaqtrader_otherlisted
OPXS,nasdaqtrader_nasdaq
HLX,nasdaqtrader_otherlisted
SKYW,nasdaqtrader_nasdaq
TSBK,nasdaqtrader_nasdaq
MTVA,nasdaqtrader_nasdaq
SCZM,nasdaqtrader_nasdaq
MXC,nasdaqtrader_otherlisted
NGVT,nasdaqtrader_otherlisted
DKS,nasdaqtrader_otherlisted
UNCY,nasdaqtrader_nasdaq
MNTK,nasdaqtrader_nasdaq
BJ,nasdaqtrader_otherlisted
WHG,nasdaqtrader_otherlisted
QURE,nasdaqtrader_nasdaq
DGICB,nasdaqtrader_nasdaq
ASIC,nasdaqtrader_otherlisted
CINF,nasdaqtrader_nasdaq
BZAI,nasdaqtrader_nasdaq
OPTH,nasdaqtrader_nasdaq
TCBK,nasdaqtrader_nasdaq
NOG,nasdaqtrader_otherlisted
BCHT,nasdaqtrader_otherlisted
COPL,nasdaqtrader_otherlisted
STRL,nasdaqtrader_nasdaq
BKTI,nasdaqtrader_otherlisted
IBN,nasdaqtrader_otherlisted
TRMB,nasdaqtrader_nasdaq
PCRX,nasdaqtrader_nasdaq
UBS,nasdaqtrader_otherlisted
ALM,nasdaqtrader_nasdaq
GRC,nasdaqtrader_otherlisted
SSBI,nasdaqtrader_nasdaq
BKKT,nasdaqtrader_otherlisted
VACI,nasdaqtrader_otherlisted
ELVN,nasdaqtrader_nasdaq
WYNN,nasdaqtrader_nasdaq
RAVE,nasdaqtrader_nasdaq
MAGN,nasdaqtrader_otherlisted
CWAN,nasdaqtrader_otherlisted
CLBR,nasdaqtrader_otherlisted
MGRC,nasdaqtrader_nasdaq
ICUI,nasdaqtrader_nasdaq
IKT,nasdaqtrader_nasdaq
LAWR,nasdaqtrader_nasdaq
BRUN,nasdaqtrader_nasdaq
EQT,nasdaqtrader_otherlisted
LTH,nasdaqtrader_otherlisted
DLX,nasdaqtrader_otherlisted
BATRA,nasdaqtrader_nasdaq
COR,nasdaqtrader_otherlisted
DG,nasdaqtrader_otherlisted
INTJ,nasdaqtrader_nasdaq
SI,nasdaqtrader_otherlisted
WBUY,nasdaqtrader_nasdaq
CRVS,nasdaqtrader_nasdaq
NN,nasdaqtrader_nasdaq
CELC,nasdaqtrader_nasdaq
AKA,nasdaqtrader_otherlisted
TECH,nasdaqtrader_nasdaq
SUMA,nasdaqtrader_nasdaq
DTIL,nasdaqtrader_nasdaq
HBAN,nasdaqtrader_nasdaq
EXPD,nasdaqtrader_otherlisted
FVR,nasdaqtrader_otherlisted
HLT,nasdaqtrader_otherlisted
CVM,nasdaqtrader_otherlisted
RHLD,nasdaqtrader_otherlisted
KINS,nasdaqtrader_nasdaq
INGM,nasdaqtrader_otherlisted
BGMS,nasdaqtrader_nasdaq
IGC,nasdaqtrader_otherlisted
UTI,nasdaqtrader_otherlisted
IBAC,nasdaqtrader_nasdaq
AORT,nasdaqtrader_otherlisted
HIPO,nasdaqtrader_otherlisted
SBC,nasdaqtrader_nasdaq
RCKT,nasdaqtrader_nasdaq
CLWT,nasdaqtrader_nasdaq
DSP,nasdaqtrader_nasdaq
WSR,nasdaqtrader_otherlisted
RYAM,nasdaqtrader_otherlisted
MLYS,nasdaqtrader_nasdaq
SDGR,nasdaqtrader_nasdaq
CBNA,nasdaqtrader_otherlisted
LXU,nasdaqtrader_otherlisted
TROX,nasdaqtrader_otherlisted
USAR,nasdaqtrader_nasdaq
CHD,nasdaqtrader_otherlisted
MRP,nasdaqtrader_otherlisted
ASB,nasdaqtrader_otherlisted
GNW,nasdaqtrader_otherlisted
HUMA,nasdaqtrader_nasdaq
WELL,nasdaqtrader_otherlisted
UTSI,nasdaqtrader_nasdaq
CNVS,nasdaqtrader_nasdaq
WMG,nasdaqtrader_nasdaq
AGBK,nasdaqtrader_otherlisted
ELAN,nasdaqtrader_otherlisted
LH,nasdaqtrader_otherlisted
GIW,nasdaqtrader_nasdaq
IQV,nasdaqtrader_otherlisted
JOB,nasdaqtrader_otherlisted
LXRX,nasdaqtrader_nasdaq
GTM,nasdaqtrader_nasdaq
BOLT,nasdaqtrader_nasdaq
RGEN,nasdaqtrader_nasdaq
GLXY,nasdaqtrader_nasdaq
IAG,nasdaqtrader_otherlisted
MANH,nasdaqtrader_nasdaq
WAY,nasdaqtrader_nasdaq
CRI,nasdaqtrader_otherlisted
COF,nasdaqtrader_otherlisted
KR,nasdaqtrader_otherlisted
CSAN,nasdaqtrader_otherlisted
CHDN,nasdaqtrader_nasdaq
MGLD,nasdaqtrader_otherlisted
BNL,nasdaqtrader_otherlisted
MUR,nasdaqtrader_otherlisted
AMRZ,nasdaqtrader_otherlisted
SAIA,nasdaqtrader_nasdaq
ACGC,nasdaqtrader_nasdaq
WBTN,nasdaqtrader_nasdaq
CTGO,nasdaqtrader_otherlisted
DCH,nasdaqtrader_otherlisted
CAQ,nasdaqtrader_nasdaq
PTGX,nasdaqtrader_nasdaq
FPH,nasdaqtrader_otherlisted
JYD,nasdaqtrader_nasdaq
PLYX,nasdaqtrader_nasdaq
BFLY,nasdaqtrader_otherlisted
HIW,nasdaqtrader_otherlisted
IR,nasdaqtrader_otherlisted
STXS,nasdaqtrader_otherlisted
CMII,nasdaqtrader_nasdaq
NUE,nasdaqtrader_otherlisted
SVIV,nasdaqtrader_nasdaq
VRSN,nasdaqtrader_nasdaq
CATX,nasdaqtrader_otherlisted
HDSN,nasdaqtrader_nasdaq
PLTS,nasdaqtrader_nasdaq
STRR,nasdaqtrader_nasdaq
EBS,nasdaqtrader_otherlisted
RGA,nasdaqtrader_otherlisted
MERC,nasdaqtrader_nasdaq
III,nasdaqtrader_nasdaq
PWP,nasdaqtrader_nasdaq
PLX,nasdaqtrader_otherlisted
SMRT,nasdaqtrader_otherlisted
MAS,nasdaqtrader_otherlisted
SCM,nasdaqtrader_otherlisted
LEVI,nasdaqtrader_otherlisted
TRSG,nasdaqtrader_nasdaq
MPV,nasdaqtrader_otherlisted
IDT,nasdaqtrader_otherlisted
ECOR,nasdaqtrader_nasdaq
NEOG,nasdaqtrader_nasdaq
CETX,nasdaqtrader_nasdaq
STTK,nasdaqtrader_nasdaq
RSKD,nasdaqtrader_otherlisted
MATW,nasdaqtrader_nasdaq
PGC,nasdaqtrader_nasdaq
LPTH,nasdaqtrader_nasdaq
CX,nasdaqtrader_otherlisted
CREX,nasdaqtrader_nasdaq
BCH,nasdaqtrader_otherlisted
TU,nasdaqtrader_otherlisted
RIME,nasdaqtrader_nasdaq
GENC,nasdaqtrader_otherlisted
NEUP,nasdaqtrader_nasdaq
INAC,nasdaqtrader_nasdaq
MC,nasdaqtrader_otherlisted
PS,nasdaqtrader_otherlisted
JSPR,nasdaqtrader_nasdaq
NKSH,nasdaqtrader_nasdaq
VGNT,nasdaqtrader_otherlisted
AEAQ,nasdaqtrader_nasdaq
DCI,nasdaqtrader_otherlisted
NVGS,nasdaqtrader_otherlisted
AVNW,nasdaqtrader_nasdaq
AMBA,nasdaqtrader_nasdaq
MACI,nasdaqtrader_nasdaq
SRTA,nasdaqtrader_nasdaq
AGO,nasdaqtrader_otherlisted
FIVN,nasdaqtrader_nasdaq
JXN,nasdaqtrader_otherlisted
HNRG,nasdaqtrader_nasdaq
LWAY,nasdaqtrader_nasdaq
BMEA,nasdaqtrader_nasdaq
HUDI,nasdaqtrader_nasdaq
CTOS,nasdaqtrader_otherlisted
CMS,nasdaqtrader_otherlisted
SHIP,nasdaqtrader_nasdaq
SGHT,nasdaqtrader_nasdaq
GXAI,nasdaqtrader_nasdaq
GJH,nasdaqtrader_otherlisted
CAAS,nasdaqtrader_nasdaq
CHMG,nasdaqtrader_nasdaq
RENX,nasdaqtrader_nasdaq
OR,nasdaqtrader_otherlisted
SCI,nasdaqtrader_otherlisted
SRTS,nasdaqtrader_nasdaq
IMMX,nasdaqtrader_nasdaq
CLPR,nasdaqtrader_otherlisted
CVLG,nasdaqtrader_otherlisted
OMC,nasdaqtrader_otherlisted
ABCB,nasdaqtrader_otherlisted
EIG,nasdaqtrader_otherlisted
SBSI,nasdaqtrader_otherlisted
ZD,nasdaqtrader_nasdaq
DBI,nasdaqtrader_otherlisted
MNKD,nasdaqtrader_nasdaq
ABT,nasdaqtrader_otherlisted
IPSC,nasdaqtrader_nasdaq
RBC,nasdaqtrader_otherlisted
USCB,nasdaqtrader_nasdaq
WDC,nasdaqtrader_nasdaq
ZWS,nasdaqtrader_otherlisted
ESQ,nasdaqtrader_nasdaq
SNOA,nasdaqtrader_nasdaq
HBIO,nasdaqtrader_nasdaq
QCRH,nasdaqtrader_nasdaq
ENB,nasdaqtrader_otherlisted
CCU,nasdaqtrader_otherlisted
AGNC,nasdaqtrader_nasdaq
BCTX,nasdaqtrader_nasdaq
MWA,nasdaqtrader_otherlisted
FLYW,nasdaqtrader_nasdaq
WSC,nasdaqtrader_nasdaq
LYEL,nasdaqtrader_nasdaq
RDGT,nasdaqtrader_nasdaq
TYRA,nasdaqtrader_nasdaq
ALLE,nasdaqtrader_otherlisted
BUD,nasdaqtrader_otherlisted
CMTL,nasdaqtrader_nasdaq
CR,nasdaqtrader_otherlisted
ERAS,nasdaqtrader_nasdaq
MUSA,nasdaqtrader_otherlisted
MIST,nasdaqtrader_nasdaq
BUR,nasdaqtrader_otherlisted
ICE,nasdaqtrader_otherlisted
SVCC,nasdaqtrader_nasdaq
ACFN,nasdaqtrader_nasdaq
OPAD,nasdaqtrader_otherlisted
TCRX,nasdaqtrader_nasdaq
CGNX,nasdaqtrader_nasdaq
AYTU,nasdaqtrader_nasdaq
SIEB,nasdaqtrader_nasdaq
PR,nasdaqtrader_otherlisted
LBRT,nasdaqtrader_otherlisted
SRCE,nasdaqtrader_nasdaq
SGA,nasdaqtrader_nasdaq
SKYA,nasdaqtrader_nasdaq
EQX,nasdaqtrader_otherlisted
HLIT,nasdaqtrader_nasdaq
BLSH,nasdaqtrader_otherlisted
ANNA,nasdaqtrader_nasdaq
AFBI,nasdaqtrader_nasdaq
BRBS,nasdaqtrader_otherlisted
MGNX,nasdaqtrader_nasdaq
SAFT,nasdaqtrader_nasdaq
TGS,nasdaqtrader_otherlisted
BNS,nasdaqtrader_otherlisted
KB,nasdaqtrader_otherlisted
ZJYL,nasdaqtrader_nasdaq
SEI,nasdaqtrader_otherlisted
NEOV,nasdaqtrader_nasdaq
CRNX,nasdaqtrader_nasdaq
RDN,nasdaqtrader_otherlisted
PHI,nasdaqtrader_otherlisted
WATT,nasdaqtrader_nasdaq
GLIBA,nasdaqtrader_nasdaq
RH,nasdaqtrader_otherlisted
EHTH,nasdaqtrader_nasdaq
BL,nasdaqtrader_nasdaq
NTAP,nasdaqtrader_nasdaq
AXR,nasdaqtrader_otherlisted
RDIB,nasdaqtrader_nasdaq
USFD,nasdaqtrader_otherlisted
EG,nasdaqtrader_otherlisted
GDEV,nasdaqtrader_nasdaq
GGB,nasdaqtrader_otherlisted
GYRE,nasdaqtrader_nasdaq
VCEL,nasdaqtrader_nasdaq
TUSK,nasdaqtrader_nasdaq
INV,nasdaqtrader_nasdaq
HUN,nasdaqtrader_otherlisted
SLE,nasdaqtrader_nasdaq
EUDA,nasdaqtrader_nasdaq
AESI,nasdaqtrader_otherlisted
ENLT,nasdaqtrader_nasdaq
GPAC,nasdaqtrader_nasdaq
ALLR,nasdaqtrader_nasdaq
SKK,nasdaqtrader_nasdaq
PRSU,nasdaqtrader_otherlisted
DFH,nasdaqtrader_otherlisted
XPER,nasdaqtrader_otherlisted
QGEN,nasdaqtrader_otherlisted
WLK,nasdaqtrader_otherlisted
CMC,nasdaqtrader_otherlisted
ERO,nasdaqtrader_otherlisted
MTDR,nasdaqtrader_otherlisted
PCB,nasdaqtrader_nasdaq
BYAH,nasdaqtrader_nasdaq
SONO,nasdaqtrader_nasdaq
USAU,nasdaqtrader_nasdaq
TNK,nasdaqtrader_otherlisted
BX,nasdaqtrader_otherlisted
ECPG,nasdaqtrader_nasdaq
STAK,nasdaqtrader_nasdaq
QXO,nasdaqtrader_otherlisted
LYFT,nasdaqtrader_nasdaq
MGX,nasdaqtrader_nasdaq
DLTR,nasdaqtrader_nasdaq
RGC,nasdaqtrader_nasdaq
BLLN,nasdaqtrader_nasdaq
WT,nasdaqtrader_otherlisted
SFL,nasdaqtrader_otherlisted
EGAN,nasdaqtrader_nasdaq
SCPQ,nasdaqtrader_nasdaq
LGND,nasdaqtrader_nasdaq
JEM,nasdaqtrader_nasdaq
BALY,nasdaqtrader_otherlisted
OBA,nasdaqtrader_nasdaq
SUNB,nasdaqtrader_otherlisted
TFC,nasdaqtrader_otherlisted
INOD,nasdaqtrader_nasdaq
BAK,nasdaqtrader_otherlisted
Z,nasdaqtrader_nasdaq
LPSN,nasdaqtrader_nasdaq
AXIN,nasdaqtrader_nasdaq
CNXU,nasdaqtrader_nasdaq
VVX,nasdaqtrader_otherlisted
SBSW,nasdaqtrader_otherlisted
NUTX,nasdaqtrader_nasdaq
VHI,nasdaqtrader_otherlisted
SPMC,nasdaqtrader_otherlisted
KFFB,nasdaqtrader_nasdaq
PYXS,nasdaqtrader_nasdaq
ENTA,nasdaqtrader_nasdaq
VRSK,nasdaqtrader_nasdaq
IMTX,nasdaqtrader_nasdaq
SG,nasdaqtrader_otherlisted
LODE,nasdaqtrader_otherlisted
RFAM,nasdaqtrader_nasdaq
JAGX,nasdaqtrader_nasdaq
ARXS,nasdaqtrader_nasdaq
LNSR,nasdaqtrader_nasdaq
QTTB,nasdaqtrader_nasdaq
YCY,nasdaqtrader_otherlisted
IFBD,nasdaqtrader_nasdaq
KVUE,nasdaqtrader_otherlisted
RELL,nasdaqtrader_nasdaq
PRVA,nasdaqtrader_nasdaq
YSS,nasdaqtrader_otherlisted
HLXC,nasdaqtrader_nasdaq
BSET,nasdaqtrader_nasdaq
ESP,nasdaqtrader_otherlisted
NHIC,nasdaqtrader_nasdaq
CNK,nasdaqtrader_otherlisted
WM,nasdaqtrader_otherlisted
PALI,nasdaqtrader_nasdaq
WTO,nasdaqtrader_nasdaq
ASH,nasdaqtrader_otherlisted
PSNY,nasdaqtrader_nasdaq
DOGZ,nasdaqtrader_nasdaq
SNDA,nasdaqtrader_otherlisted
NPAC,nasdaqtrader_nasdaq
BBNX,nasdaqtrader_nasdaq
COLM,nasdaqtrader_nasdaq
EPAC,nasdaqtrader_otherlisted
ARKR,nasdaqtrader_nasdaq
CVS,nasdaqtrader_otherlisted
APG,nasdaqtrader_otherlisted
SF,nasdaqtrader_otherlisted
SYF,nasdaqtrader_otherlisted
TENX,nasdaqtrader_nasdaq
INKT,nasdaqtrader_nasdaq
SILC,nasdaqtrader_nasdaq
CWST,nasdaqtrader_nasdaq
CSCO,nasdaqtrader_nasdaq
WAFD,nasdaqtrader_nasdaq
NWSA,nasdaqtrader_nasdaq
TTI,nasdaqtrader_otherlisted
SPRO,nasdaqtrader_nasdaq
UHS,nasdaqtrader_otherlisted
CTSH,nasdaqtrader_nasdaq
GLND,nasdaqtrader_nasdaq
MSBI,nasdaqtrader_nasdaq
FLR,nasdaqtrader_otherlisted
LAZ,nasdaqtrader_otherlisted
WSBF,nasdaqtrader_nasdaq
WLDN,nasdaqtrader_nasdaq
NSIT,nasdaqtrader_nasdaq
PXS,nasdaqtrader_nasdaq
PVLA,nasdaqtrader_nasdaq
BMBL,nasdaqtrader_nasdaq
SWX,nasdaqtrader_otherlisted
ADSK,nasdaqtrader_nasdaq
JVA,nasdaqtrader_nasdaq
QSI,nasdaqtrader_nasdaq
AZZ,nasdaqtrader_otherlisted
PLSE,nasdaqtrader_nasdaq
NAT,nasdaqtrader_otherlisted
FMAC,nasdaqtrader_nasdaq
VEL,nasdaqtrader_otherlisted
GIII,nasdaqtrader_nasdaq
CHR,nasdaqtrader_nasdaq
CLDI,nasdaqtrader_otherlisted
AIV,nasdaqtrader_otherlisted
OSS,nasdaqtrader_nasdaq
STVN,nasdaqtrader_otherlisted
WIX,nasdaqtrader_nasdaq
FER,nasdaqtrader_nasdaq
LFTO,nasdaqtrader_nasdaq
ACCL,nasdaqtrader_nasdaq
MPWR,nasdaqtrader_nasdaq
HCHL,nasdaqtrader_nasdaq
ANGX,nasdaqtrader_otherlisted
OVV,nasdaqtrader_otherlisted
NNVC,nasdaqtrader_otherlisted
HL,nasdaqtrader_otherlisted
VERX,nasdaqtrader_nasdaq
BBCP,nasdaqtrader_nasdaq
SW,nasdaqtrader_otherlisted
ELE,nasdaqtrader_nasdaq
TAVI,nasdaqtrader_nasdaq
BMR,nasdaqtrader_nasdaq
GNE,nasdaqtrader_otherlisted
VNRX,nasdaqtrader_otherlisted
BRT,nasdaqtrader_otherlisted
ACIU,nasdaqtrader_nasdaq
TCGL,nasdaqtrader_otherlisted
ASBP,nasdaqtrader_nasdaq
RXST,nasdaqtrader_nasdaq
RDWR,nasdaqtrader_nasdaq
SMTC,nasdaqtrader_nasdaq
BYD,nasdaqtrader_otherlisted
FULC,nasdaqtrader_nasdaq
CSW,nasdaqtrader_otherlisted
LAKE,nasdaqtrader_nasdaq
CVR,nasdaqtrader_otherlisted
XFLH,nasdaqtrader_otherlisted
JCTC,nasdaqtrader_nasdaq
SAIH,nasdaqtrader_nasdaq
GWRE,nasdaqtrader_otherlisted
SLMT,nasdaqtrader_nasdaq
EIKN,nasdaqtrader_nasdaq
VNOM,nasdaqtrader_nasdaq
TFSL,nasdaqtrader_nasdaq
KDP,nasdaqtrader_nasdaq
MGA,nasdaqtrader_otherlisted
CRDO,nasdaqtrader_nasdaq
UNF,nasdaqtrader_otherlisted
DOMO,nasdaqtrader_nasdaq
CRCL,nasdaqtrader_otherlisted
MNDO,nasdaqtrader_nasdaq
AVA,nasdaqtrader_otherlisted
TR,nasdaqtrader_otherlisted
PFLT,nasdaqtrader_otherlisted
SOR,nasdaqtrader_otherlisted
MDT,nasdaqtrader_otherlisted
FCRS,nasdaqtrader_otherlisted
IPM,nasdaqtrader_nasdaq
RSVR,nasdaqtrader_nasdaq
RYZ,nasdaqtrader_otherlisted
SNSE,nasdaqtrader_nasdaq
MVST,nasdaqtrader_nasdaq
CPAY,nasdaqtrader_otherlisted
AMWL,nasdaqtrader_otherlisted
CB,nasdaqtrader_otherlisted
DMRA,nasdaqtrader_nasdaq
STKS,nasdaqtrader_nasdaq
OCG,nasdaqtrader_nasdaq
UPWK,nasdaqtrader_nasdaq
ARKO,nasdaqtrader_nasdaq
TRAK,nasdaqtrader_otherlisted
AENT,nasdaqtrader_nasdaq
ENTG,nasdaqtrader_nasdaq
TOL,nasdaqtrader_otherlisted
CCAQ,nasdaqtrader_nasdaq
MYE,nasdaqtrader_otherlisted
SVAQ,nasdaqtrader_nasdaq
SRL,nasdaqtrader_otherlisted
CCRN,nasdaqtrader_nasdaq
AKBA,nasdaqtrader_nasdaq
ERII,nasdaqtrader_nasdaq
CANG,nasdaqtrader_otherlisted
FDXF,nasdaqtrader_otherlisted
MCY,nasdaqtrader_otherlisted
CRS,nasdaqtrader_otherlisted
MHH,nasdaqtrader_otherlisted
FNV,nasdaqtrader_otherlisted
AUPH,nasdaqtrader_nasdaq
GEV,nasdaqtrader_otherlisted
MTA,nasdaqtrader_otherlisted
MAIN,nasdaqtrader_otherlisted
GOLF,nasdaqtrader_otherlisted
BALL,nasdaqtrader_otherlisted
PLTK,nasdaqtrader_nasdaq
AG,nasdaqtrader_otherlisted
NCT,nasdaqtrader_nasdaq
MEGL,nasdaqtrader_nasdaq
NI,nasdaqtrader_otherlisted
FPS,nasdaqtrader_otherlisted
IPAR,nasdaqtrader_nasdaq
ING,nasdaqtrader_otherlisted
TWG,nasdaqtrader_nasdaq
PRDO,nasdaqtrader_nasdaq
USAS,nasdaqtrader_otherlisted
NTB,nasdaqtrader_otherlisted
PCG,nasdaqtrader_otherlisted
KAPA,nasdaqtrader_otherlisted
PHAR,nasdaqtrader_nasdaq
INUV,nasdaqtrader_otherlisted
NWN,nasdaqtrader_otherlisted
COKE,nasdaqtrader_nasdaq
ZION,nasdaqtrader_nasdaq
AZO,nasdaqtrader_otherlisted
STAA,nasdaqtrader_nasdaq
SABS,nasdaqtrader_nasdaq
FBLA,nasdaqtrader_nasdaq
CTMX,nasdaqtrader_nasdaq
AON,nasdaqtrader_otherlisted
REI,nasdaqtrader_otherlisted
RBNE,nasdaqtrader_nasdaq
CTVA,nasdaqtrader_otherlisted
AXTA,nasdaqtrader_otherlisted
DAR,nasdaqtrader_otherlisted
FTI,nasdaqtrader_otherlisted
RNGR,nasdaqtrader_otherlisted
BMNR,nasdaqtrader_otherlisted
KMTS,nasdaqtrader_nasdaq
HCAT,nasdaqtrader_nasdaq
AUST,nasdaqtrader_otherlisted
EZRA,nasdaqtrader_nasdaq
WCT,nasdaqtrader_nasdaq
ASR,nasdaqtrader_otherlisted
WK,nasdaqtrader_otherlisted
INVX,nasdaqtrader_otherlisted
WCC,nasdaqtrader_otherlisted
ACMR,nasdaqtrader_nasdaq
RMCF,nasdaqtrader_nasdaq
SII,nasdaqtrader_otherlisted
NMTC,nasdaqtrader_nasdaq
BVS,nasdaqtrader_nasdaq
EBAY,nasdaqtrader_nasdaq
THRY,nasdaqtrader_nasdaq
LPX,nasdaqtrader_otherlisted
FC,nasdaqtrader_otherlisted
LNN,nasdaqtrader_otherlisted
DRI,nasdaqtrader_otherlisted
TILE,nasdaqtrader_nasdaq
JANX,nasdaqtrader_nasdaq
BELFA,nasdaqtrader_nasdaq
LPLA,nasdaqtrader_nasdaq
HDB,nasdaqtrader_otherlisted
CLDX,nasdaqtrader_nasdaq
LKFN,nasdaqtrader_nasdaq
GLPI,nasdaqtrader_nasdaq
IPEX,nasdaqtrader_nasdaq
AMS,nasdaqtrader_otherlisted
CZR,nasdaqtrader_nasdaq
NNNN,nasdaqtrader_nasdaq
BNRG,nasdaqtrader_nasdaq
WMB,nasdaqtrader_otherlisted
POR,nasdaqtrader_otherlisted
EE,nasdaqtrader_otherlisted
NIVF,nasdaqtrader_nasdaq
GTE,nasdaqtrader_otherlisted
GDRX,nasdaqtrader_nasdaq
FLGT,nasdaqtrader_nasdaq
GOGO,nasdaqtrader_nasdaq
GLXG,nasdaqtrader_nasdaq
MKTW,nasdaqtrader_nasdaq
NTR,nasdaqtrader_otherlisted
ATLO,nasdaqtrader_nasdaq
EMIS,nasdaqtrader_nasdaq
AMPY,nasdaqtrader_otherlisted
BPAC,nasdaqtrader_nasdaq
MSLE,nasdaqtrader_nasdaq
ARE,nasdaqtrader_otherlisted
E,nasdaqtrader_otherlisted
ATEX,nasdaqtrader_nasdaq
MORN,nasdaqtrader_nasdaq
DGXX,nasdaqtrader_nasdaq
ALLO,nasdaqtrader_nasdaq
QNST,nasdaqtrader_nasdaq
AVT,nasdaqtrader_nasdaq
FRST,nasdaqtrader_nasdaq
XWEL,nasdaqtrader_nasdaq
VSTM,nasdaqtrader_nasdaq
AD,nasdaqtrader_otherlisted
BLDP,nasdaqtrader_nasdaq
BZFD,nasdaqtrader_nasdaq
LGN,nasdaqtrader_nasdaq
MDAI,nasdaqtrader_nasdaq
ITHA,nasdaqtrader_nasdaq
SNDL,nasdaqtrader_nasdaq
MBBC,nasdaqtrader_nasdaq
CLNE,nasdaqtrader_nasdaq
AVEX,nasdaqtrader_otherlisted
PDCC,nasdaqtrader_otherlisted
DJT,nasdaqtrader_nasdaq
THRM,nasdaqtrader_nasdaq
SNTI,nasdaqtrader_nasdaq
NINE,nasdaqtrader_otherlisted
NWS,nasdaqtrader_nasdaq
RAL,nasdaqtrader_otherlisted
GPGI,nasdaqtrader_otherlisted
TBBB,nasdaqtrader_otherlisted
SSTI,nasdaqtrader_nasdaq
P,nasdaqtrader_otherlisted
LB,nasdaqtrader_otherlisted
AADX,nasdaqtrader_otherlisted
TIC,nasdaqtrader_otherlisted
SMJF,nasdaqtrader_otherlisted
BAH,nasdaqtrader_otherlisted
TVRD,nasdaqtrader_nasdaq
LARK,nasdaqtrader_nasdaq
AFRI,nasdaqtrader_nasdaq
TSLX,nasdaqtrader_otherlisted
OMF,nasdaqtrader_otherlisted
USIO,nasdaqtrader_nasdaq
RF,nasdaqtrader_otherlisted
TEAD,nasdaqtrader_nasdaq
AMG,nasdaqtrader_otherlisted
EQS,nasdaqtrader_otherlisted
NIQ,nasdaqtrader_otherlisted
