symbol,tier,categories,scanner_frequency,provider_coverage,liquidity_state,market_cap_state,data_quality_state,scan_quality_state,avg_dollar_volume,market_cap,data_quality_score,final_score
AAPL,Tier 1,Mega Cap,every_scan,active,strong,strong,strong,acceptable,446835353.11,4580839522304.0,95.0,74.8
MSFT,Tier 1,Mega Cap|AI|Cloud,every_scan,active,strong,strong,strong,acceptable,395984246.15,3069477650432.0,95.0,55.33
NVDA,Tier 1,Mega Cap|AI|Semiconductor|Growth,every_scan,active,strong,strong,strong,acceptable,1074832509.97,5033639804928.0,95.0,65.81
AMZN,Tier 1,Mega Cap|AI|Cloud|Consumer,every_scan,active,strong,strong,strong,acceptable,478442986.48,2655607586816.0,95.0,55.25
META,Tier 1,Mega Cap|AI,every_scan,active,strong,strong,strong,acceptable,309002065.99,1494280830976.0,95.0,47.25
GOOGL,Tier 1,Mega Cap|AI|Cloud,every_scan,active,strong,strong,strong,acceptable,393496515.75,4405663891456.0,95.0,65.49
AVGO,Tier 1,Mega Cap|AI|Semiconductor,every_scan,active,strong,strong,strong,acceptable,361536389.56,1869720453120.0,95.0,50.3
TSLA,Tier 1,Mega Cap|Consumer|Growth,every_scan,active,strong,strong,strong,acceptable,330127524.56,1513124790272.0,95.0,50.29
NFLX,Tier 1,Large Cap|Consumer,every_scan,active,strong,strong,strong,acceptable,182725222.21,348801499136.0,95.0,49.71
AMD,Tier 1,Large Cap|AI|Semiconductor|Growth,every_scan,active,strong,strong,strong,acceptable,322796879.98,794330923008.0,95.0,58.66
ORCL,Tier 1,Large Cap|AI|Cloud,every_scan,active,strong,strong,strong,acceptable,130972617.54,611447406592.0,95.0,53.56
CRM,Tier 1,Large Cap|Cloud,every_scan,active,strong,strong,strong,acceptable,104842027.2,150450290688.0,95.0,57.52
ADBE,Tier 1,Large Cap|Cloud,every_scan,active,acceptable,strong,strong,acceptable,44178128.59,100100128768.0,95.0,49.37
INTU,Tier 1,Large Cap,every_scan,active,strong,strong,strong,acceptable,122819501.1,82677923840.0,95.0,33.6
QCOM,Tier 1,Large Cap|Semiconductor,every_scan,active,strong,strong,strong,acceptable,152472063.68,228654858240.0,95.0,54.62
MU,Tier 1,Large Cap|AI|Semiconductor,every_scan,active,strong,strong,strong,acceptable,785245471.58,1054420041728.0,95.0,50.35
PANW,Tier 1,Large Cap|Cybersecurity,every_scan,active,strong,strong,strong,acceptable,103577510.76,220514549760.0,95.0,54.56
CRWD,Tier 1,Large Cap|Cybersecurity|Growth,every_scan,active,acceptable,strong,strong,acceptable,92441037.94,173121896448.0,95.0,49.65
DDOG,Tier 1,Mid Cap|AI|Cloud|Growth,every_scan,active,acceptable,strong,strong,acceptable,70703927.7,82814672896.0,95.0,54.46
SNOW,Tier 1,Large Cap|AI|Cloud|Growth,every_scan,active,strong,strong,strong,acceptable,103972210.81,84047036416.0,95.0,37.96
PLTR,Tier 1,Large Cap|AI|Defense,every_scan,active,strong,strong,strong,acceptable,156171012.69,328659501056.0,95.0,39.5
SHOP,Tier 1,Large Cap|Cloud|Consumer|Growth,every_scan,active,acceptable,strong,strong,acceptable,53708371.96,146548817920.0,95.0,41.27
NOW,Tier 1,Large Cap|Cloud,every_scan,active,strong,strong,strong,acceptable,138544364.38,118486876160.0,95.0,46.31
ANET,Tier 1,Large Cap|AI,every_scan,active,acceptable,strong,strong,acceptable,74634852.32,199842791424.0,95.0,61.68
INTC,Tier 1,Large Cap|Semiconductor,every_scan,active,strong,strong,strong,acceptable,360211503.11,561856512000.0,95.0,41.04
ARM,Tier 1,Large Cap|AI|Semiconductor,every_scan,active,strong,strong,strong,acceptable,114484379.14,384870842368.0,95.0,48.53
ASML,Tier 1,Large Cap|AI|Semiconductor,every_scan,active,strong,strong,strong,acceptable,109221296.58,680620654592.0,95.0,74.86
TSM,Tier 1,Large Cap|AI|Semiconductor,every_scan,active,strong,strong,strong,acceptable,200206169.76,2246469484544.0,95.0,74.86
AMAT,Tier 1,Large Cap|AI|Semiconductor,every_scan,active,strong,strong,strong,acceptable,118451167.11,393363226624.0,95.0,73.93
LRCX,Tier 1,Large Cap|AI|Semiconductor,every_scan,active,acceptable,strong,strong,acceptable,96219144.67,408936710144.0,95.0,67.0
KLAC,Tier 1,Large Cap|AI|Semiconductor,every_scan,active,strong,strong,strong,acceptable,105518185.86,276045987840.0,95.0,71.31
MRVL,Tier 1,Large Cap|AI|Semiconductor,every_scan,active,strong,strong,strong,acceptable,285163043.94,261606539264.0,95.0,54.51
UBER,Tier 1,Large Cap|Consumer|Growth,every_scan,active,acceptable,strong,strong,acceptable,84564120.91,144201826304.0,95.0,39.18
ABNB,Tier 1,Large Cap|Consumer|Growth,every_scan,active,acceptable,strong,strong,acceptable,25417985.34,80752271360.0,95.0,58.65
MSTR,Tier 1,Large Cap|Crypto,every_scan,active,acceptable,strong,strong,acceptable,54691262.79,45118578688.0,95.0,21.11
COIN,Tier 1,Large Cap|Crypto,every_scan,active,acceptable,strong,strong,acceptable,45759152.65,42685915136.0,95.0,30.29
APP,Tier 1,Large Cap|AI|Growth|Momentum,every_scan,active,strong,strong,strong,acceptable,104744675.93,192580698112.0,95.0,58.46
RBLX,Tier 1,Mid Cap|Consumer|Growth,every_scan,active,acceptable,strong,strong,acceptable,21055848.59,30522175488.0,95.0,17.65
MDB,Tier 1,Mid Cap|AI|Cloud|Growth,every_scan,active,acceptable,strong,strong,acceptable,54158227.57,28667146240.0,95.0,42.71
ZS,Tier 1,Mid Cap|Cybersecurity|Growth,every_scan,active,acceptable,strong,strong,acceptable,39140393.32,21035173888.0,95.0,13.29
JPM,Tier 1,Mega Cap|Large Cap,every_scan,active,acceptable,strong,strong,acceptable,77086046.66,839088930816.0,95.0,68.12
GS,Tier 1,Large Cap,every_scan,active,acceptable,strong,strong,acceptable,68820203.47,311822843904.0,95.0,73.87
MS,Tier 1,Large Cap,every_scan,active,acceptable,strong,strong,acceptable,65073917.03,339352813568.0,95.0,76.24
BAC,Tier 1,Large Cap,every_scan,active,strong,strong,strong,acceptable,124951782.59,384244908032.0,95.0,77.78
WFC,Tier 1,Large Cap,every_scan,active,acceptable,strong,strong,acceptable,82782272.42,251149746176.0,95.0,65.76
BLK,Tier 1,Large Cap,every_scan,active,acceptable,strong,strong,acceptable,40073931.06,162407186432.0,95.0,56.39
BRK-B,Tier 1,Mega Cap,every_scan,active,acceptable,strong,strong,acceptable,64558828.43,1053957357568.0,95.0,67.18
V,Tier 1,Mega Cap,every_scan,active,strong,strong,strong,acceptable,117869431.08,610326609920.0,95.0,61.8
MA,Tier 1,Mega Cap,every_scan,active,strong,strong,strong,acceptable,114126446.07,431590932480.0,95.0,55.37
AXP,Tier 1,Large Cap,every_scan,active,acceptable,strong,strong,acceptable,38013638.04,213486305280.0,95.0,56.4
CAT,Tier 1,Large Cap,every_scan,active,acceptable,strong,strong,acceptable,99597612.23,418912993280.0,100.0,71.79
DE,Tier 1,Large Cap,every_scan,active,acceptable,strong,strong,acceptable,51364781.44,156860760064.0,100.0,58.96
HON,Tier 1,Large Cap,every_scan,active,acceptable,strong,strong,acceptable,40790748.1,135088513024.0,100.0,46.8
GE,Tier 1,Large Cap|Defense,every_scan,active,acceptable,strong,strong,acceptable,67128551.69,337338925056.0,100.0,66.32
RTX,Tier 1,Large Cap|Defense|Space,every_scan,active,acceptable,strong,strong,acceptable,34198755.87,241312202752.0,100.0,54.09
LMT,Tier 1,Large Cap|Defense|Space,every_scan,active,acceptable,strong,strong,acceptable,23738739.93,119667130368.0,100.0,40.82
BA,Tier 1,Large Cap|Defense|Space,every_scan,active,acceptable,strong,strong,acceptable,54092556.79,170596515840.0,100.0,42.8
UNP,Tier 1,Large Cap,every_scan,active,acceptable,strong,strong,acceptable,42641875.84,161062518784.0,100.0,72.55
UPS,Tier 1,Large Cap,every_scan,active,acceptable,strong,strong,acceptable,23817156.25,92038676480.0,100.0,64.76
FDX,Tier 1,Large Cap,every_scan,active,acceptable,strong,strong,acceptable,25794241.85,78570815488.0,100.0,75.37
WMT,Tier 1,Large Cap|Consumer,every_scan,active,strong,strong,strong,acceptable,117163990.59,953775751168.0,100.0,49.84
COST,Tier 1,Large Cap|Consumer,every_scan,active,acceptable,strong,strong,acceptable,82338070.31,432994975744.0,100.0,50.33
PG,Tier 1,Large Cap|Consumer,every_scan,active,acceptable,strong,strong,acceptable,54377824.6,339044040704.0,100.0,54.02
KO,Tier 1,Large Cap|Consumer,every_scan,active,acceptable,strong,strong,acceptable,67976850.06,341337440256.0,100.0,64.97
PEP,Tier 1,Large Cap|Consumer,every_scan,active,acceptable,strong,strong,acceptable,39862579.23,192246579200.0,100.0,47.19
MCD,Tier 1,Large Cap|Consumer,every_scan,active,acceptable,strong,strong,acceptable,44625444.48,197591678976.0,100.0,52.03
HD,Tier 1,Large Cap|Consumer,every_scan,active,acceptable,strong,strong,acceptable,66365410.27,311965384704.0,100.0,46.87
LOW,Tier 1,Large Cap|Consumer,every_scan,active,acceptable,strong,strong,acceptable,34471777.0,118068060160.0,100.0,39.85
NKE,Tier 1,Large Cap|Consumer,every_scan,active,acceptable,strong,strong,acceptable,47903829.49,64574078976.0,100.0,42.06
SBUX,Tier 1,Large Cap|Consumer,every_scan,active,acceptable,strong,strong,acceptable,35621249.53,108510830592.0,100.0,49.43
JNJ,Tier 1,Large Cap|Biotech,every_scan,active,acceptable,strong,strong,acceptable,60477735.11,559918678016.0,100.0,65.42
LLY,Tier 1,Mega Cap|Biotech,every_scan,active,strong,strong,strong,acceptable,140081757.14,1039520759808.0,100.0,78.95
UNH,Tier 1,Mega Cap|Biotech,every_scan,active,acceptable,strong,strong,acceptable,94861988.69,366054834176.0,100.0,68.5
MRK,Tier 1,Large Cap|Biotech,every_scan,active,acceptable,strong,strong,acceptable,40898532.8,298799366144.0,100.0,69.04
ABBV,Tier 1,Large Cap|Biotech,every_scan,active,acceptable,strong,strong,acceptable,52045766.14,395885281280.0,100.0,64.01
PFE,Tier 1,Large Cap|Biotech,every_scan,active,acceptable,strong,strong,acceptable,40563589.27,147872071680.0,100.0,47.79
TMO,Tier 1,Large Cap|Biotech,every_scan,active,acceptable,strong,strong,acceptable,79753526.63,176211755008.0,100.0,47.99
ISRG,Tier 1,Large Cap|Biotech,every_scan,active,acceptable,strong,strong,acceptable,47388277.03,149555888128.0,100.0,45.14
DHR,Tier 1,Large Cap|Biotech,every_scan,active,acceptable,strong,strong,acceptable,53236290.0,131086204928.0,100.0,55.57
SYK,Tier 1,Large Cap|Biotech,every_scan,active,acceptable,strong,strong,acceptable,61275403.25,116334657536.0,100.0,48.15
XOM,Tier 1,Mega Cap|Energy,every_scan,active,strong,strong,strong,acceptable,101173624.83,629700362240.0,100.0,57.51
CVX,Tier 1,Large Cap|Energy,every_scan,active,acceptable,strong,strong,acceptable,49573271.79,378084884480.0,100.0,62.76
COP,Tier 1,Large Cap|Energy,every_scan,active,acceptable,strong,strong,acceptable,47987158.33,145366843392.0,100.0,61.73
SLB,Tier 1,Large Cap|Energy,every_scan,active,acceptable,strong,strong,acceptable,39892967.81,85076254720.0,100.0,74.47
EOG,Tier 1,Large Cap|Energy,every_scan,active,acceptable,strong,strong,acceptable,22606710.37,75023392768.0,100.0,79.15
MPC,Tier 1,Large Cap|Energy,every_scan,active,acceptable,strong,strong,acceptable,27208310.94,76942819328.0,100.0,78.81
VLO,Tier 1,Large Cap|Energy,every_scan,active,acceptable,strong,strong,acceptable,31111449.68,75792089088.0,100.0,73.95
OXY,Tier 1,Large Cap|Energy,every_scan,active,acceptable,strong,strong,acceptable,38138738.27,57246199808.0,100.0,64.28
DVN,Tier 1,Large Cap|Energy,every_scan,active,acceptable,strong,strong,acceptable,40035789.62,52191490048.0,100.0,52.31
HAL,Tier 1,Large Cap|Energy,every_scan,active,acceptable,strong,strong,acceptable,26423528.15,33674885120.0,100.0,67.95
SPY,Tier 1,Small Cap,every_scan,active,strong,unknown,strong,acceptable,1091990160.09,,100.0,58.57
QQQ,Tier 1,Small Cap,every_scan,active,strong,unknown,strong,acceptable,568795394.85,,100.0,61.23
DIA,Tier 1,Small Cap,every_scan,active,acceptable,unknown,strong,acceptable,42945767.92,,100.0,68.96
IWM,Tier 1,Small Cap,every_scan,active,strong,unknown,strong,acceptable,353889055.15,,100.0,66.45
SMH,Tier 1,Semiconductor,every_scan,active,strong,unknown,strong,acceptable,236326027.47,,100.0,62.16
SOXX,Tier 1,Semiconductor,every_scan,active,strong,unknown,strong,acceptable,183678448.19,,100.0,67.91
XLK,Tier 1,Small Cap,every_scan,active,strong,unknown,strong,acceptable,142143276.57,,100.0,62.31
XLE,Tier 1,Energy,every_scan,active,strong,unknown,strong,acceptable,129903208.06,,100.0,66.01
XLF,Tier 1,Small Cap,every_scan,active,strong,unknown,strong,acceptable,127909477.79,,100.0,68.71
XLV,Tier 1,Biotech,every_scan,active,strong,unknown,strong,acceptable,129992395.13,,100.0,66.38
ARKK,Tier 1,Small Cap,every_scan,active,acceptable,unknown,strong,acceptable,39448729.92,,100.0,46.73
IBIT,Tier 1,Crypto,every_scan,active,acceptable,unknown,strong,acceptable,98098498.47,,100.0,27.19
GLD,Tier 1,Small Cap,every_scan,active,acceptable,unknown,strong,acceptable,52604155.75,,100.0,24.06
SLV,Tier 1,Small Cap,every_scan,active,acceptable,unknown,strong,acceptable,49599195.35,,100.0,16.07
USO,Tier 1,Energy,every_scan,active,strong,unknown,acceptable,acceptable,962483289.17,,65.0,55.75
TLT,Tier 1,Small Cap,every_scan,active,acceptable,unknown,strong,acceptable,95695383.44,,100.0,42.93
HYG,Tier 1,Small Cap,every_scan,active,strong,unknown,strong,acceptable,216598617.34,,100.0,75.38
UUP,Tier 1,Small Cap,every_scan,active,acceptable,unknown,acceptable,acceptable,60768791.67,,65.0,90.44
VNQ,Tier 1,Small Cap,every_scan,active,strong,unknown,acceptable,acceptable,300515588.2,,65.0,59.95
BTC-USD,Tier 1,Crypto,every_scan,active,strong,strong,strong,acceptable,2477444758162741.0,1283366846464.0,95.0,26.82
ETH-USD,Tier 1,Crypto,every_scan,active,strong,strong,strong,acceptable,32440361500566.76,204853280768.0,95.0,20.87
RGTI,Tier 2,Small Cap|Quantum|Growth|Momentum,regular,active,acceptable,acceptable,strong,acceptable,39926650.98,7234659840.0,100.0,23.41
QBTS,Tier 2,Small Cap|Quantum|Growth|Momentum,regular,active,acceptable,acceptable,strong,acceptable,44804466.9,9568599040.0,100.0,25.69
QUBT,Tier 2,Small Cap|Quantum|Growth|Momentum,regular,active,strong,acceptable,acceptable,acceptable,385593579.0,2356840704.0,65.0,14.84
IONQ,Tier 2,Mid Cap|Quantum|Growth|Momentum,regular,active,acceptable,strong,strong,acceptable,56035331.73,23441352704.0,100.0,37.28
LITE,Tier 2,Mid Cap|Quantum|Growth|Momentum,regular,active,strong,strong,strong,acceptable,194053986.03,69662121984.0,100.0,47.81
RKLB,Tier 2,Mid Cap|Space|Growth|Momentum,regular,active,acceptable,strong,strong,acceptable,66331757.18,71010648064.0,100.0,22.37
ASTS,Tier 2,Mid Cap|Space|Growth|Momentum,regular,active,acceptable,strong,strong,acceptable,58222563.5,35730747392.0,100.0,20.34
LUNR,Tier 2,Mid Cap|Space|Growth|Momentum,regular,active,strong,acceptable,acceptable,acceptable,633467293.54,4771049472.0,65.0,24.63
TEM,Tier 2,Mid Cap|AI|Biotech|Growth|Momentum,regular,active,strong,acceptable,acceptable,acceptable,331858064.27,8725052416.0,65.0,19.5
SOUN,Tier 2,Mid Cap|AI|Growth|Momentum,regular,active,strong,acceptable,acceptable,acceptable,216525140.54,3241444352.0,65.0,15.34
HIMS,Tier 2,Mid Cap|Growth|Momentum,regular,active,strong,acceptable,acceptable,acceptable,594286264.22,6288705536.0,65.0,25.67
PL,Tier 2,Mid Cap|Space|Growth|Momentum,regular,active,strong,strong,acceptable,acceptable,581576389.87,11668313088.0,65.0,22.98
SMCI,Tier 2,Mid Cap|AI|Semiconductor|Growth,regular,active,acceptable,strong,strong,acceptable,64408599.7,26456399872.0,100.0,44.01
DELL,Tier 2,Mid Cap|AI|Growth,regular,active,strong,strong,strong,acceptable,130519801.65,260327456768.0,100.0,49.96
HPE,Tier 2,Mid Cap|AI|Growth,regular,active,strong,strong,strong,acceptable,107760265.06,66038026240.0,100.0,57.16
AI,Tier 2,Mid Cap|AI|Growth,regular,active,acceptable,acceptable,acceptable,acceptable,77222676.85,1540086912.0,65.0,36.14
PATH,Tier 2,Mid Cap|AI|Growth,regular,active,strong,acceptable,acceptable,acceptable,497011822.34,5787403264.0,65.0,47.69
BBAI,Tier 2,Small Cap|AI|Growth,regular,not_ranked_latest_scan,unknown,unknown,unknown,unknown,,,,
RXRX,Tier 2,Mid Cap|AI|Biotech|Growth,regular,not_ranked_latest_scan,unknown,unknown,unknown,unknown,,,,
SERV,Tier 2,Small Cap|AI|Growth,regular,not_ranked_latest_scan,unknown,unknown,unknown,unknown,,,,
VRT,Tier 2,Mid Cap|AI|Growth,regular,active,acceptable,strong,strong,acceptable,82378619.32,115451584512.0,100.0,47.44
CEG,Tier 2,Mid Cap|AI|Energy|Growth,regular,active,acceptable,strong,strong,acceptable,65861402.3,89514762240.0,100.0,32.87
OKLO,Tier 2,Mid Cap|AI|Energy|Growth|Momentum,regular,active,strong,strong,acceptable,acceptable,1031308102.93,10255029248.0,65.0,9.93
NBIS,Tier 2,Mid Cap|AI|Growth,regular,active,strong,strong,strong,acceptable,109522442.46,55349805056.0,100.0,37.41
GTLB,Tier 2,Mid Cap|AI|Cloud|Growth,regular,active,strong,acceptable,acceptable,acceptable,223550884.93,5249412096.0,65.0,43.14
ESTC,Tier 2,Mid Cap|AI|Cloud|Growth|Momentum,regular,active,strong,acceptable,acceptable,acceptable,150676170.48,6431552512.0,65.0,54.19
NET,Tier 2,Mid Cap|AI|Cloud|Cybersecurity|Growth,regular,active,acceptable,strong,strong,acceptable,44687909.69,87585398784.0,100.0,46.12
HUBS,Tier 2,Mid Cap|AI|Cloud|Growth,regular,active,acceptable,strong,strong,acceptable,30852468.09,10653809664.0,100.0,32.72
TEAM,Tier 2,Mid Cap|AI|Cloud|Growth,regular,active,acceptable,strong,strong,acceptable,27297048.52,24841334784.0,100.0,37.05
DT,Tier 2,Mid Cap|AI|Cloud|Growth,regular,active,acceptable,strong,strong,acceptable,21393535.02,12218662912.0,100.0,54.89
TOST,Tier 2,Mid Cap|AI|Consumer|Growth,regular,active,acceptable,strong,strong,acceptable,23323846.87,13978000384.0,100.0,39.16
DUOL,Tier 2,Mid Cap|AI|Consumer|Growth,regular,active,strong,acceptable,acceptable,acceptable,155295650.64,5496123904.0,65.0,58.87
TTD,Tier 2,Mid Cap|AI|Growth,regular,active,strong,acceptable,acceptable,acceptable,431724760.04,9134204928.0,65.0,29.79
SE,Tier 2,Mid Cap|AI|Cloud|Growth,regular,active,acceptable,strong,strong,acceptable,21396649.32,51748818944.0,100.0,39.22
MELI,Tier 2,Mid Cap|AI|Cloud|Consumer|Growth,regular,active,acceptable,strong,strong,acceptable,55065237.56,81723351040.0,100.0,34.16
DASH,Tier 2,Mid Cap|AI|Cloud|Consumer|Growth,regular,active,acceptable,strong,strong,acceptable,38916010.84,66442752000.0,100.0,36.78
RBRK,Tier 2,AI|Growth,regular,active,strong,strong,acceptable,acceptable,313747608.31,14764083200.0,65.0,47.32
ARQQ,Tier 2,Mid Cap|Quantum|Growth|Momentum,regular,not_ranked_latest_scan,unknown,unknown,unknown,unknown,,,,
IBM,Tier 2,Quantum|Growth|Momentum,regular,active,strong,strong,strong,acceptable,111562170.56,263938605056.0,100.0,59.23
COHR,Tier 2,Mid Cap|Quantum|Semiconductor|Growth|Momentum,regular,active,acceptable,strong,strong,acceptable,92337123.38,78633312256.0,100.0,51.95
MKSI,Tier 2,Mid Cap|Quantum|Semiconductor|Growth|Momentum,regular,active,acceptable,strong,strong,acceptable,21724556.28,21079846912.0,100.0,66.73
HOOD,Tier 2,Crypto|Momentum,regular,active,acceptable,strong,strong,acceptable,69428316.86,76578955264.0,100.0,53.22
MARA,Tier 2,Mid Cap|Crypto|Momentum,regular,active,strong,acceptable,acceptable,acceptable,548359108.79,5253907456.0,65.0,35.98
RIOT,Tier 2,Mid Cap|Crypto|Momentum,regular,active,acceptable,acceptable,strong,acceptable,23507832.21,9714705408.0,100.0,40.96
CLSK,Tier 2,Mid Cap|Crypto|Momentum,regular,active,strong,acceptable,acceptable,acceptable,403543633.36,4239174400.0,65.0,35.35
HUT,Tier 2,Mid Cap|Crypto|Momentum,regular,active,acceptable,strong,strong,acceptable,20432533.15,13466255360.0,100.0,41.65
HIVE,Tier 2,Mid Cap|Crypto|Momentum,regular,not_ranked_latest_scan,unknown,unknown,unknown,unknown,,,,
BTBT,Tier 2,Mid Cap|Crypto|Momentum,regular,not_ranked_latest_scan,unknown,unknown,unknown,unknown,,,,
IREN,Tier 2,Mid Cap|Crypto|Momentum,regular,active,acceptable,strong,strong,acceptable,79646455.75,21153243136.0,100.0,43.09
WULF,Tier 2,Mid Cap|Crypto|Momentum,regular,active,acceptable,strong,strong,acceptable,30953210.7,12814474240.0,100.0,44.88
CORZ,Tier 2,Mid Cap|Crypto|Momentum,regular,active,acceptable,acceptable,strong,acceptable,24224977.27,8630585344.0,100.0,48.06
CIFR,Tier 2,Mid Cap|Crypto|Momentum,regular,active,acceptable,acceptable,strong,acceptable,27454387.14,9935805440.0,100.0,35.02
CAN,Tier 2,Mid Cap|Crypto|Momentum,regular,not_ranked_latest_scan,unknown,unknown,unknown,unknown,,,,
BITB,Tier 2,Crypto|Momentum,regular,active,acceptable,unknown,acceptable,acceptable,70419123.33,,65.0,33.55
FBTC,Tier 2,Crypto|Momentum,regular,active,strong,unknown,acceptable,acceptable,274269237.16,,65.0,34.96
ARKB,Tier 2,Crypto|Momentum,regular,active,acceptable,unknown,acceptable,acceptable,52912172.94,,65.0,32.91
GBTC,Tier 2,Crypto|Momentum,regular,active,strong,unknown,acceptable,acceptable,126465193.52,,65.0,34.5
ETHA,Tier 2,Crypto|Momentum,regular,active,acceptable,unknown,strong,acceptable,21961295.43,,100.0,21.9
ETHE,Tier 2,Crypto|Momentum,regular,active,acceptable,unknown,acceptable,acceptable,44203703.46,,65.0,21.79
BITO,Tier 2,Crypto|Momentum,regular,active,strong,unknown,strong,acceptable,166213049.04,,100.0,34.86
BLOK,Tier 2,Crypto|Momentum,regular,active,acceptable,unknown,acceptable,acceptable,27232703.83,,65.0,52.29
BKCH,Tier 2,Crypto|Momentum,regular,not_ranked_latest_scan,unknown,unknown,unknown,unknown,,,,
SPIR,Tier 2,Small Cap|Space|Growth|Momentum,regular,not_ranked_latest_scan,unknown,unknown,unknown,unknown,,,,
IRDM,Tier 2,Mid Cap|Space|Growth|Momentum,regular,active,strong,acceptable,acceptable,acceptable,109697832.46,5019424256.0,65.0,52.1
SATS,Tier 2,Mid Cap|Space|Growth|Momentum,regular,active,acceptable,strong,strong,acceptable,38786313.01,33798051840.0,100.0,29.87
GSAT,Tier 2,Mid Cap|Space|Growth|Momentum,regular,active,strong,strong,acceptable,acceptable,103295614.7,10456373248.0,65.0,46.75
NOC,Tier 2,Defense|Space|Growth|Momentum,regular,active,acceptable,strong,strong,acceptable,23916024.15,76813123584.0,100.0,42.95
SPCE,Tier 2,Mid Cap|Space|Growth|Momentum,regular,not_ranked_latest_scan,unknown,unknown,unknown,unknown,,,,
BKSY,Tier 2,Mid Cap|Space|Growth|Momentum,regular,active,strong,acceptable,acceptable,acceptable,112762116.0,1272097280.0,65.0,14.03
VSAT,Tier 2,Mid Cap|Space|Growth|Momentum,regular,active,strong,acceptable,acceptable,acceptable,204106101.93,8942535680.0,65.0,34.02
TDY,Tier 2,Mid Cap|Defense|Space|Growth|Momentum,regular,active,strong,strong,acceptable,acceptable,194313365.17,28371036160.0,65.0,56.22
HEI,Tier 2,Mid Cap|Defense|Space|Growth|Momentum,regular,active,strong,strong,acceptable,acceptable,254010560.77,45179777024.0,65.0,66.78
GD,Tier 2,Large Cap|Mid Cap|Defense,regular,active,strong,strong,acceptable,acceptable,349365658.75,92178825216.0,65.0,60.85
HII,Tier 2,Large Cap|Mid Cap|Defense,regular,active,strong,strong,acceptable,acceptable,162265823.24,11516221440.0,65.0,43.59
LHX,Tier 2,Large Cap|Mid Cap|Defense,regular,active,strong,strong,acceptable,acceptable,342206246.64,56279703552.0,65.0,44.3
LDOS,Tier 2,Large Cap|Mid Cap|Defense,regular,active,strong,strong,acceptable,acceptable,171106023.78,15446455296.0,65.0,39.69
KTOS,Tier 2,Large Cap|Mid Cap|Defense,regular,active,strong,strong,acceptable,acceptable,298635151.49,10825528320.0,65.0,28.2
AVAV,Tier 2,Large Cap|Mid Cap|Defense,regular,active,strong,acceptable,acceptable,acceptable,248041320.09,9345743872.0,65.0,23.07
TXT,Tier 2,Large Cap|Mid Cap|Defense,regular,active,strong,strong,acceptable,acceptable,114284582.44,15898669056.0,65.0,66.91
TDG,Tier 2,Large Cap|Mid Cap|Defense,regular,active,acceptable,strong,strong,acceptable,35542965.15,67471564800.0,100.0,59.3
CW,Tier 2,Large Cap|Mid Cap|Defense,regular,active,strong,strong,acceptable,acceptable,212300294.68,26646769664.0,65.0,67.99
BWXT,Tier 2,Large Cap|Mid Cap|Defense,regular,active,strong,strong,acceptable,acceptable,193268400.2,17174082560.0,65.0,49.49
MRCY,Tier 2,Large Cap|Mid Cap|Defense,regular,active,acceptable,acceptable,acceptable,acceptable,66327617.98,6661201920.0,65.0,50.4
HWM,Tier 2,Large Cap|Mid Cap|Defense,regular,active,acceptable,strong,strong,acceptable,26924895.75,98646499328.0,100.0,56.12
SAIC,Tier 2,Large Cap|Mid Cap|Defense,regular,active,acceptable,acceptable,acceptable,acceptable,63082213.42,4785735680.0,65.0,66.81
CACI,Tier 2,Large Cap|Mid Cap|Defense,regular,active,strong,strong,acceptable,acceptable,154428662.11,11468479488.0,65.0,48.26
OSK,Tier 2,Large Cap|Mid Cap|Defense,regular,active,strong,acceptable,acceptable,acceptable,111722107.23,8192338432.0,65.0,39.86
AXON,Tier 2,Large Cap|Mid Cap|Defense,regular,active,acceptable,strong,strong,acceptable,26438665.8,37968416768.0,100.0,48.32
LOAR,Tier 2,Large Cap|Small Cap|Defense,regular,active,acceptable,acceptable,acceptable,acceptable,42119332.01,5927365632.0,65.0,48.95
CRSP,Tier 2,Mid Cap|Biotech|Growth,regular,active,acceptable,acceptable,acceptable,acceptable,88215405.53,5081780736.0,65.0,26.72
NTLA,Tier 2,Mid Cap|Biotech|Growth,regular,active,acceptable,acceptable,acceptable,acceptable,82942860.01,1884853376.0,65.0,16.18
EDIT,Tier 2,Mid Cap|Biotech|Growth,regular,not_ranked_latest_scan,unknown,unknown,unknown,unknown,,,,
BEAM,Tier 2,Mid Cap|Biotech|Growth,regular,active,acceptable,acceptable,acceptable,acceptable,61001555.58,3063743232.0,65.0,34.18
VRTX,Tier 2,Biotech|Growth,regular,active,acceptable,strong,strong,acceptable,23893514.95,112425648128.0,100.0,67.12
REGN,Tier 2,Biotech|Growth,regular,active,acceptable,strong,strong,acceptable,56546730.68,64092295168.0,100.0,42.51
MRNA,Tier 2,Biotech|Growth,regular,active,strong,strong,acceptable,acceptable,339790275.21,18887026688.0,65.0,26.25
BNTX,Tier 2,Biotech|Growth,regular,active,acceptable,strong,acceptable,acceptable,82450188.93,21621604352.0,65.0,21.16
GILD,Tier 2,Biotech|Growth,regular,active,acceptable,strong,strong,acceptable,38187723.55,159045107712.0,100.0,50.9
BIIB,Tier 2,Biotech|Growth,regular,active,strong,strong,acceptable,acceptable,228261863.2,28437860352.0,65.0,64.9
ALNY,Tier 2,Mid Cap|Biotech|Growth,regular,active,strong,strong,acceptable,acceptable,301367625.78,39007035392.0,65.0,42.64
SRPT,Tier 2,Mid Cap|Biotech|Growth,regular,active,acceptable,acceptable,acceptable,acceptable,52075553.97,1641710336.0,65.0,22.42
RARE,Tier 2,Mid Cap|Biotech|Growth,regular,active,acceptable,acceptable,acceptable,acceptable,36869965.92,2126382336.0,65.0,18.27
TGTX,Tier 2,Mid Cap|Biotech|Growth,regular,active,acceptable,acceptable,acceptable,acceptable,69763912.17,6268772864.0,65.0,61.93
EXEL,Tier 2,Mid Cap|Biotech|Growth,regular,not_ranked_latest_scan,unknown,unknown,unknown,unknown,,,,
VKTX,Tier 2,Mid Cap|Biotech|Growth,regular,active,acceptable,acceptable,acceptable,acceptable,58222455.9,3394928896.0,65.0,17.13
NTRA,Tier 2,Mid Cap|Biotech|Growth,regular,active,acceptable,strong,strong,acceptable,23486022.2,30572185600.0,100.0,43.54
DNA,Tier 2,Mid Cap|Biotech|Growth,regular,not_ranked_latest_scan,unknown,unknown,unknown,unknown,,,,
TMDX,Tier 2,Mid Cap|Biotech|Growth|Momentum,regular,active,acceptable,acceptable,acceptable,acceptable,98504301.18,2458663168.0,65.0,31.41
IOVA,Tier 2,Mid Cap|Biotech|Growth,regular,not_ranked_latest_scan,unknown,unknown,unknown,unknown,,,,
AXSM,Tier 2,Mid Cap|Biotech|Growth,regular,active,strong,strong,acceptable,acceptable,150568455.79,12100249600.0,65.0,60.95
HALO,Tier 2,Mid Cap|Biotech|Growth,regular,active,strong,acceptable,acceptable,acceptable,141544112.67,8389497856.0,65.0,67.39
IMVT,Tier 2,Mid Cap|Biotech|Growth,regular,active,acceptable,acceptable,acceptable,acceptable,83894491.63,6323514368.0,65.0,37.78
LEGN,Tier 2,Mid Cap|Biotech|Growth,regular,active,acceptable,acceptable,acceptable,acceptable,94398183.32,5854518272.0,65.0,32.35
ARGX,Tier 2,Mid Cap|Biotech|Growth,regular,active,acceptable,strong,strong,acceptable,24164040.87,55146184704.0,100.0,69.51
PCVX,Tier 2,Mid Cap|Biotech|Growth,regular,active,acceptable,acceptable,acceptable,acceptable,74073692.51,6689944576.0,65.0,26.12
INCY,Tier 2,Mid Cap|Biotech|Growth,regular,active,strong,strong,acceptable,acceptable,158555554.44,20106076160.0,65.0,75.8
IONS,Tier 2,Mid Cap|Biotech|Growth,regular,active,strong,strong,acceptable,acceptable,125447727.6,12153408512.0,65.0,37.74
TWST,Tier 2,Mid Cap|Biotech|Growth,regular,active,acceptable,acceptable,acceptable,acceptable,98096960.14,4361482752.0,65.0,40.76
DNLI,Tier 2,Mid Cap|Biotech|Growth,regular,active,acceptable,acceptable,acceptable,acceptable,35387281.43,3101188608.0,65.0,38.23
BBIO,Tier 2,Mid Cap|Biotech|Growth,regular,active,strong,strong,acceptable,acceptable,197218522.32,13195172864.0,65.0,42.66
ACLX,Tier 2,Mid Cap|Biotech|Growth,regular,active,strong,acceptable,acceptable,acceptable,166205573.24,6732325376.0,65.0,41.02
VIR,Tier 2,Mid Cap|Biotech|Growth,regular,not_ranked_latest_scan,unknown,unknown,unknown,unknown,,,,
NVAX,Tier 2,Mid Cap|Biotech|Growth,regular,active,acceptable,acceptable,acceptable,acceptable,55448464.08,1417456512.0,65.0,20.69
APLS,Tier 2,Mid Cap|Biotech|Growth,regular,active,strong,acceptable,acceptable,acceptable,285685741.92,5252712960.0,65.0,49.93
MDGL,Tier 2,Mid Cap|Biotech|Growth,regular,active,strong,strong,acceptable,acceptable,139722464.45,10773448704.0,65.0,32.46
RVMD,Tier 2,Mid Cap|Biotech|Growth,regular,active,strong,strong,acceptable,acceptable,415235159.14,31568449536.0,65.0,41.06
FOLD,Tier 2,Mid Cap|Biotech|Growth,regular,active,acceptable,acceptable,acceptable,acceptable,38985381.23,4549870080.0,65.0,58.94
BILL,Tier 2,Growth,regular,active,strong,acceptable,acceptable,acceptable,109977155.64,3499828992.0,65.0,34.39
AFRM,Tier 2,Growth,regular,active,strong,strong,acceptable,acceptable,345663330.57,21922459648.0,65.0,52.56
UPST,Tier 2,Growth,regular,active,strong,acceptable,acceptable,acceptable,141232718.48,2967058688.0,65.0,43.39
ROKU,Tier 2,Growth,regular,active,strong,strong,acceptable,acceptable,258279908.27,18250516480.0,65.0,65.85
FROG,Tier 2,Growth,regular,active,strong,strong,acceptable,acceptable,195084835.94,10376327168.0,65.0,48.15
CELH,Tier 2,Consumer|Growth|Momentum,regular,active,strong,acceptable,acceptable,acceptable,324037990.77,7157929984.0,65.0,32.93
ELF,Tier 2,Consumer|Growth|Momentum,regular,active,strong,acceptable,acceptable,acceptable,254225248.45,3107550720.0,65.0,25.19
CAVA,Tier 2,Consumer|Growth|Momentum,regular,active,strong,acceptable,acceptable,acceptable,270206689.43,8574805504.0,65.0,35.34
ONON,Tier 2,Consumer|Growth,regular,active,strong,strong,acceptable,acceptable,270518566.45,12369866752.0,65.0,50.92
RIVN,Tier 2,Growth,regular,active,acceptable,strong,strong,acceptable,21430013.1,22613870592.0,100.0,40.66
LCID,Tier 2,Growth,regular,active,acceptable,acceptable,acceptable,acceptable,91651181.27,1988358272.0,65.0,9.25
GM,Tier 2,Consumer|Growth,regular,active,acceptable,strong,strong,acceptable,31688226.93,75532492800.0,100.0,67.61
F,Tier 2,Consumer|Growth,regular,active,acceptable,strong,strong,acceptable,84898767.44,59770392576.0,100.0,53.4
DKNG,Tier 2,Consumer|Growth,regular,active,strong,strong,acceptable,acceptable,291846841.91,12294072320.0,65.0,51.64
PINS,Tier 2,Consumer|Growth,regular,active,acceptable,strong,strong,acceptable,27222719.51,12317858816.0,100.0,59.25
SNAP,Tier 2,Consumer|Growth,regular,active,strong,acceptable,acceptable,acceptable,233093405.98,9362959360.0,65.0,37.52
RDDT,Tier 2,Consumer|Growth,regular,active,acceptable,strong,strong,acceptable,35629102.28,32944072704.0,100.0,58.15
SOFI,Tier 2,Growth,regular,active,acceptable,strong,strong,acceptable,30704484.45,21165230080.0,100.0,46.65
NU,Tier 2,Growth,regular,active,acceptable,strong,strong,acceptable,55105849.24,56396197888.0,100.0,46.97
FOUR,Tier 2,Growth,regular,active,acceptable,acceptable,acceptable,acceptable,61656198.34,3733233920.0,65.0,23.21
GLOB,Tier 2,Growth,regular,active,acceptable,acceptable,acceptable,acceptable,84168692.78,1648163584.0,65.0,33.46
MNDY,Tier 2,Growth,regular,active,strong,acceptable,acceptable,acceptable,195667532.91,4317950976.0,65.0,49.66
XYZ,Tier 2,Growth,regular,active,strong,strong,acceptable,acceptable,428597687.46,41615052800.0,65.0,54.24
FSLR,Tier 2,Mid Cap|Energy|Momentum,regular,active,acceptable,strong,strong,acceptable,37118804.38,29591582720.0,100.0,63.27
ENPH,Tier 2,Mid Cap|Energy|Momentum,regular,active,acceptable,acceptable,strong,acceptable,20835207.08,7496683008.0,100.0,38.29
WOLF,Tier 2,Mid Cap|Momentum,regular,active,acceptable,acceptable,strong,acceptable,22294231.54,2678951680.0,100.0,25.07
ACLS,Tier 2,Mid Cap|Semiconductor|Momentum,regular,active,acceptable,acceptable,acceptable,acceptable,78375715.7,4756377600.0,65.0,53.12
AEHR,Tier 2,Mid Cap|Small Cap|Semiconductor|Momentum,regular,active,strong,acceptable,acceptable,acceptable,239146706.39,3006301952.0,65.0,28.52
CAMT,Tier 2,Mid Cap|Semiconductor|Momentum,regular,active,strong,acceptable,acceptable,acceptable,102564863.48,7766321664.0,65.0,38.75
SITM,Tier 2,Mid Cap|Semiconductor|Momentum,regular,active,acceptable,strong,strong,acceptable,25318058.71,17534885888.0,100.0,39.12
ON,Tier 2,Mid Cap|Semiconductor|Momentum,regular,active,acceptable,strong,strong,acceptable,65154883.33,47006306304.0,100.0,58.62
NXPI,Tier 2,Mid Cap|Semiconductor|Momentum,regular,active,acceptable,strong,strong,acceptable,49900153.17,76029140992.0,100.0,67.94
MP,Tier 2,Mid Cap|Momentum,regular,active,strong,strong,acceptable,acceptable,430974640.61,10250518528.0,65.0,15.19
ALB,Tier 2,Mid Cap|Momentum,regular,active,strong,strong,acceptable,acceptable,373169954.26,17671327744.0,65.0,36.42
PYPL,Tier 2,Mid Cap|Momentum,regular,active,acceptable,strong,strong,acceptable,26481012.97,36395671552.0,100.0,42.78
DOCN,Tier 2,Mid Cap|Momentum,regular,active,acceptable,strong,strong,acceptable,21543535.43,17670944768.0,100.0,50.78
TENB,Tier 2,Mid Cap|Cybersecurity|Momentum,regular,active,strong,acceptable,acceptable,acceptable,105199760.93,3039095552.0,65.0,50.61
S,Tier 2,Mid Cap|Cybersecurity|Momentum,regular,active,strong,acceptable,acceptable,acceptable,177124466.39,5378343424.0,65.0,36.77
IOT,Tier 2,Mid Cap|Momentum,regular,active,strong,strong,acceptable,acceptable,228557436.14,19847106560.0,65.0,53.35
SMR,Tier 2,Mid Cap|Small Cap|Energy|Momentum,regular,active,strong,acceptable,acceptable,acceptable,428754068.82,3724098304.0,65.0,8.06
NNE,Tier 2,Mid Cap|Small Cap|Energy|Momentum,regular,active,acceptable,acceptable,acceptable,acceptable,79604147.35,1347350528.0,65.0,20.2
BE,Tier 2,Mid Cap|Energy|Momentum,regular,active,acceptable,strong,strong,acceptable,79755663.2,72126431232.0,100.0,39.66
FLNC,Tier 2,Mid Cap|Energy|Momentum,regular,active,strong,acceptable,acceptable,acceptable,348916301.9,4436358144.0,65.0,22.84
ARRY,Tier 2,Mid Cap|Energy|Momentum,regular,active,acceptable,acceptable,acceptable,acceptable,47161539.42,1205998848.0,65.0,30.6
RUN,Tier 2,Mid Cap|Energy|Momentum,regular,active,strong,acceptable,acceptable,acceptable,119118031.57,3210873344.0,65.0,28.83
NXT,Tier 2,Mid Cap|Momentum,regular,active,acceptable,strong,strong,acceptable,23058684.79,19121831936.0,100.0,49.38
BLDR,Tier 2,Mid Cap|Momentum,regular,active,strong,acceptable,acceptable,acceptable,208145511.45,7864778240.0,65.0,34.58
FIX,Tier 2,Mid Cap|Momentum,regular,active,acceptable,strong,strong,acceptable,42762055.29,65161764864.0,100.0,58.79
ONTO,Tier 2,Mid Cap|Momentum,regular,active,strong,strong,acceptable,acceptable,342798664.56,13380521984.0,65.0,54.43
LSCC,Tier 2,Mid Cap|Semiconductor|Momentum,regular,active,acceptable,strong,strong,acceptable,24954720.64,19578421248.0,100.0,63.19
MTSI,Tier 2,Mid Cap|Semiconductor|Momentum,regular,active,acceptable,strong,strong,acceptable,33770055.71,27608387584.0,100.0,62.15
POWI,Tier 2,Mid Cap|Semiconductor|Momentum,regular,active,strong,acceptable,acceptable,acceptable,112173546.27,4272608512.0,65.0,47.21
RMBS,Tier 2,Mid Cap|Semiconductor|Momentum,regular,active,strong,strong,acceptable,acceptable,334542944.13,16440062976.0,65.0,52.19
NVMI,Tier 2,Mid Cap|Semiconductor|Momentum,regular,active,strong,strong,acceptable,acceptable,227843155.2,16156256256.0,65.0,61.35
SYNA,Tier 2,Mid Cap|Semiconductor|Momentum,regular,active,strong,acceptable,acceptable,acceptable,125602824.02,5254725120.0,65.0,47.63
BIRK,Tier 2,Growth|Momentum,regular,active,strong,acceptable,acceptable,acceptable,131625189.73,8029338112.0,65.0,53.65
KVYO,Tier 2,Growth|Momentum,regular,active,strong,acceptable,acceptable,acceptable,110003325.36,4555038720.0,65.0,23.65
CART,Tier 2,Growth|Momentum,regular,active,strong,acceptable,acceptable,acceptable,161055706.43,9972315136.0,65.0,66.67
CRAI,Tier 3,Small Cap,opportunistic,not_ranked_latest_scan,unknown,unknown,unknown,unknown,,,,
RL,Tier 3,Mid Cap,opportunistic,active,acceptable,strong,strong,acceptable,23619073.92,22190669824.0,100.0,73.24
SFBS,Tier 3,Mid Cap,opportunistic,not_ranked_latest_scan,unknown,unknown,unknown,unknown,,,,
FBIZ,Tier 3,Small Cap,opportunistic,not_ranked_latest_scan,unknown,unknown,unknown,unknown,,,,
FANG,Tier 3,Small Cap,opportunistic,active,strong,strong,acceptable,acceptable,449269036.46,55754895360.0,65.0,68.18
SUPN,Tier 3,Small Cap,opportunistic,active,acceptable,acceptable,acceptable,acceptable,28360946.39,2581606656.0,65.0,37.81
AURE,Tier 3,Small Cap,opportunistic,not_ranked_latest_scan,unknown,unknown,unknown,unknown,,,,
FWRG,Tier 3,Small Cap,opportunistic,not_ranked_latest_scan,unknown,unknown,unknown,unknown,,,,
ADVB,Tier 3,Small Cap,opportunistic,not_ranked_latest_scan,unknown,unknown,unknown,unknown,,,,
IQST,Tier 3,Small Cap,opportunistic,not_ranked_latest_scan,unknown,unknown,unknown,unknown,,,,
TXNM,Tier 3,Mid Cap,opportunistic,active,acceptable,acceptable,acceptable,acceptable,84733841.57,6430984704.0,65.0,47.3
TTEK,Tier 3,Small Cap,opportunistic,active,strong,acceptable,acceptable,acceptable,109658233.51,7160286720.0,65.0,42.59
KEX,Tier 3,Mid Cap,opportunistic,active,acceptable,acceptable,acceptable,acceptable,79323193.08,7573239808.0,65.0,54.05
PXED,Tier 3,Mid Cap,opportunistic,not_ranked_latest_scan,unknown,unknown,unknown,unknown,,,,
GCO,Tier 3,Mid Cap,opportunistic,not_ranked_latest_scan,unknown,unknown,unknown,unknown,,,,
SLGN,Tier 3,Mid Cap,opportunistic,active,acceptable,acceptable,acceptable,acceptable,30719830.41,3874220032.0,65.0,40.7
SJ,Tier 3,Small Cap,opportunistic,not_ranked_latest_scan,unknown,unknown,unknown,unknown,,,,
FDBC,Tier 3,Small Cap,opportunistic,not_ranked_latest_scan,unknown,unknown,unknown,unknown,,,,
TPCS,Tier 3,Small Cap,opportunistic,not_ranked_latest_scan,unknown,unknown,unknown,unknown,,,,
SM,Tier 3,Mid Cap,opportunistic,active,strong,acceptable,acceptable,acceptable,126829710.07,7760665088.0,65.0,58.2
PKOH,Tier 3,Small Cap,opportunistic,not_ranked_latest_scan,unknown,unknown,unknown,unknown,,,,
CHGG,Tier 3,Mid Cap,opportunistic,not_ranked_latest_scan,unknown,unknown,unknown,unknown,,,,
AOSL,Tier 3,Small Cap,opportunistic,active,acceptable,acceptable,acceptable,acceptable,45918321.8,1322887424.0,65.0,30.0
A,Tier 3,Mid Cap,opportunistic,active,strong,strong,acceptable,acceptable,330677560.7,37475893248.0,65.0,66.52
SANG,Tier 3,Small Cap,opportunistic,not_ranked_latest_scan,unknown,unknown,unknown,unknown,,,,
RACC,Tier 3,Small Cap,opportunistic,not_ranked_latest_scan,unknown,unknown,unknown,unknown,,,,
OUT,Tier 3,Mid Cap,opportunistic,active,acceptable,acceptable,acceptable,acceptable,59830241.63,5385782784.0,65.0,59.8
AACI,Tier 3,Small Cap,opportunistic,not_ranked_latest_scan,unknown,unknown,unknown,unknown,,,,
FNWD,Tier 3,Small Cap,opportunistic,not_ranked_latest_scan,unknown,unknown,unknown,unknown,,,,
AGEN,Tier 3,Small Cap,opportunistic,not_ranked_latest_scan,unknown,unknown,unknown,unknown,,,,
ICLR,Tier 3,Small Cap,opportunistic,active,strong,strong,acceptable,acceptable,151650125.39,11656610816.0,65.0,48.81
HOV,Tier 3,Mid Cap,opportunistic,not_ranked_latest_scan,unknown,unknown,unknown,unknown,,,,
TRNR,Tier 3,Small Cap,opportunistic,not_ranked_latest_scan,unknown,unknown,unknown,unknown,,,,
MMYT,Tier 3,Small Cap,opportunistic,active,acceptable,acceptable,acceptable,acceptable,41253145.52,3955961856.0,65.0,26.02
RCMT,Tier 3,Small Cap,opportunistic,not_ranked_latest_scan,unknown,unknown,unknown,unknown,,,,
BFST,Tier 3,Small Cap,opportunistic,not_ranked_latest_scan,unknown,unknown,unknown,unknown,,,,
FDP,Tier 3,Mid Cap,opportunistic,not_ranked_latest_scan,unknown,unknown,unknown,unknown,,,,
BSVN,Tier 3,Small Cap,opportunistic,not_ranked_latest_scan,unknown,unknown,unknown,unknown,,,,
AIFU,Tier 3,Small Cap,opportunistic,not_ranked_latest_scan,unknown,unknown,unknown,unknown,,,,
YEXT,Tier 3,Mid Cap,opportunistic,not_ranked_latest_scan,unknown,unknown,unknown,unknown,,,,
RRX,Tier 3,Mid Cap,opportunistic,active,strong,strong,acceptable,acceptable,190468045.67,13998249984.0,65.0,60.0
BIPC,Tier 3,Mid Cap,opportunistic,active,acceptable,acceptable,acceptable,acceptable,44171253.27,5010640384.0,65.0,44.1
ACHR,Tier 3,Mid Cap,opportunistic,active,strong,acceptable,acceptable,acceptable,355647395.1,4371215872.0,65.0,18.64
EMAT,Tier 3,Small Cap,opportunistic,not_ranked_latest_scan,unknown,unknown,unknown,unknown,,,,
TDC,Tier 3,Mid Cap,opportunistic,active,acceptable,acceptable,acceptable,acceptable,76182953.69,3171170048.0,65.0,67.67
PTLE,Tier 3,Small Cap,opportunistic,not_ranked_latest_scan,unknown,unknown,unknown,unknown,,,,
MTB,Tier 3,Mid Cap,opportunistic,active,strong,strong,acceptable,acceptable,207789330.19,32603064320.0,65.0,80.18
ELTK,Tier 3,Small Cap,opportunistic,not_ranked_latest_scan,unknown,unknown,unknown,unknown,,,,
TNET,Tier 3,Mid Cap,opportunistic,not_ranked_latest_scan,unknown,unknown,unknown,unknown,,,,
DYOR,Tier 3,Small Cap,opportunistic,not_ranked_latest_scan,unknown,unknown,unknown,unknown,,,,
HMH,Tier 3,Small Cap,opportunistic,not_ranked_latest_scan,unknown,unknown,unknown,unknown,,,,
IMRX,Tier 3,Small Cap,opportunistic,not_ranked_latest_scan,unknown,unknown,unknown,unknown,,,,
MIND,Tier 3,Small Cap,opportunistic,not_ranked_latest_scan,unknown,unknown,unknown,unknown,,,,
SPHL,Tier 3,Small Cap,opportunistic,not_ranked_latest_scan,unknown,unknown,unknown,unknown,,,,
PFG,Tier 3,Small Cap,opportunistic,active,strong,strong,acceptable,acceptable,112816960.03,22687780864.0,65.0,77.59
RMIX,Tier 3,Small Cap,opportunistic,not_ranked_latest_scan,unknown,unknown,unknown,unknown,,,,
IVR,Tier 3,Mid Cap,opportunistic,not_ranked_latest_scan,unknown,unknown,unknown,unknown,,,,
FCEL,Tier 3,Small Cap,opportunistic,active,strong,acceptable,acceptable,acceptable,258822510.4,1047926720.0,65.0,26.76
BENF,Tier 3,Small Cap,opportunistic,not_ranked_latest_scan,unknown,unknown,unknown,unknown,,,,
HTLD,Tier 3,Small Cap,opportunistic,not_ranked_latest_scan,unknown,unknown,unknown,unknown,,,,
LUD,Tier 3,Mid Cap,opportunistic,not_ranked_latest_scan,unknown,unknown,unknown,unknown,,,,
BCSS,Tier 3,Mid Cap,opportunistic,not_ranked_latest_scan,unknown,unknown,unknown,unknown,,,,
BBCQ,Tier 3,Small Cap,opportunistic,not_ranked_latest_scan,unknown,unknown,unknown,unknown,,,,
HIT,Tier 3,Small Cap,opportunistic,not_ranked_latest_scan,unknown,unknown,unknown,unknown,,,,
GRMN,Tier 3,Mid Cap,opportunistic,active,strong,strong,acceptable,acceptable,181881394.7,45365563392.0,65.0,54.5
BEEP,Tier 3,Small Cap,opportunistic,not_ranked_latest_scan,unknown,unknown,unknown,unknown,,,,
WING,Tier 3,Small Cap,opportunistic,active,strong,acceptable,acceptable,acceptable,177896062.89,3906509568.0,65.0,36.14
PPLI,Tier 3,Small Cap,opportunistic,active,acceptable,acceptable,acceptable,acceptable,49584297.78,3130225920.0,65.0,60.77
ZKIN,Tier 3,Small Cap,opportunistic,not_ranked_latest_scan,unknown,unknown,unknown,unknown,,,,
OPK,Tier 3,Small Cap,opportunistic,not_ranked_latest_scan,unknown,unknown,unknown,unknown,,,,
ONB,Tier 3,Small Cap,opportunistic,active,acceptable,acceptable,acceptable,acceptable,69338948.3,9191814144.0,65.0,75.11
RXT,Tier 3,Small Cap,opportunistic,not_ranked_latest_scan,unknown,unknown,unknown,unknown,,,,
TRAX,Tier 3,Small Cap,opportunistic,not_ranked_latest_scan,unknown,unknown,unknown,unknown,,,,
ASAN,Tier 3,Mid Cap,opportunistic,active,acceptable,acceptable,acceptable,acceptable,51037393.04,1856181120.0,65.0,36.5
PBM,Tier 3,Small Cap,opportunistic,not_ranked_latest_scan,unknown,unknown,unknown,unknown,,,,
IMO,Tier 3,Mid Cap,opportunistic,active,acceptable,strong,acceptable,acceptable,72363656.82,60936515584.0,65.0,51.37
OPXS,Tier 3,Small Cap,opportunistic,not_ranked_latest_scan,unknown,unknown,unknown,unknown,,,,
HLX,Tier 3,Mid Cap,opportunistic,not_ranked_latest_scan,unknown,unknown,unknown,unknown,,,,
SKYW,Tier 3,Small Cap,opportunistic,active,acceptable,acceptable,acceptable,acceptable,31484461.84,3313417984.0,65.0,45.67
TSBK,Tier 3,Small Cap,opportunistic,not_ranked_latest_scan,unknown,unknown,unknown,unknown,,,,
MTVA,Tier 3,Small Cap,opportunistic,not_ranked_latest_scan,unknown,unknown,unknown,unknown,,,,
SCZM,Tier 3,Small Cap,opportunistic,not_ranked_latest_scan,unknown,unknown,unknown,unknown,,,,
MXC,Tier 3,Mid Cap,opportunistic,not_ranked_latest_scan,unknown,unknown,unknown,unknown,,,,
NGVT,Tier 3,Mid Cap,opportunistic,not_ranked_latest_scan,unknown,unknown,unknown,unknown,,,,
DKS,Tier 3,Mid Cap,opportunistic,active,acceptable,strong,strong,acceptable,22420076.19,19098050560.0,100.0,60.39
UNCY,Tier 3,Small Cap,opportunistic,not_ranked_latest_scan,unknown,unknown,unknown,unknown,,,,
MNTK,Tier 3,Small Cap,opportunistic,not_ranked_latest_scan,unknown,unknown,unknown,unknown,,,,
BJ,Tier 3,Mid Cap,opportunistic,active,strong,strong,acceptable,acceptable,241462344.06,11697903616.0,65.0,44.2
WHG,Tier 3,Mid Cap,opportunistic,not_ranked_latest_scan,unknown,unknown,unknown,unknown,,,,
QURE,Tier 3,Small Cap,opportunistic,active,acceptable,acceptable,acceptable,acceptable,45893680.62,1702822016.0,65.0,26.16
DGICB,Tier 3,Small Cap,opportunistic,not_ranked_latest_scan,unknown,unknown,unknown,unknown,,,,
ASIC,Tier 3,Mid Cap,opportunistic,not_ranked_latest_scan,unknown,unknown,unknown,unknown,,,,
CINF,Tier 3,Small Cap,opportunistic,active,strong,strong,acceptable,acceptable,103926736.08,25097922560.0,65.0,58.31
BZAI,Tier 3,Small Cap,opportunistic,not_ranked_latest_scan,unknown,unknown,unknown,unknown,,,,
OPTH,Tier 3,Small Cap,opportunistic,not_ranked_latest_scan,unknown,unknown,unknown,unknown,,,,
TCBK,Tier 3,Small Cap,opportunistic,not_ranked_latest_scan,unknown,unknown,unknown,unknown,,,,
NOG,Tier 3,Mid Cap,opportunistic,active,acceptable,acceptable,acceptable,acceptable,63496142.88,2339947008.0,65.0,37.26
BCHT,Tier 3,Mid Cap,opportunistic,not_ranked_latest_scan,unknown,unknown,unknown,unknown,,,,
COPL,Tier 3,Mid Cap,opportunistic,not_ranked_latest_scan,unknown,unknown,unknown,unknown,,,,
STRL,Tier 3,Small Cap,opportunistic,active,acceptable,strong,strong,acceptable,33250441.46,27367573504.0,100.0,53.97
BKTI,Tier 3,Mid Cap,opportunistic,not_ranked_latest_scan,unknown,unknown,unknown,unknown,,,,
IBN,Tier 3,Mid Cap,opportunistic,active,strong,strong,acceptable,acceptable,187137540.44,92145401856.0,65.0,46.84
TRMB,Tier 3,Small Cap,opportunistic,active,strong,strong,acceptable,acceptable,160132603.45,12501771264.0,65.0,44.53
PCRX,Tier 3,Small Cap,opportunistic,not_ranked_latest_scan,unknown,unknown,unknown,unknown,,,,
UBS,Tier 3,Mid Cap,opportunistic,active,strong,strong,acceptable,acceptable,102673130.09,155007401984.0,65.0,71.36
ALM,Tier 3,Small Cap,opportunistic,active,acceptable,acceptable,acceptable,acceptable,92563587.08,4667553792.0,65.0,17.76
GRC,Tier 3,Mid Cap,opportunistic,not_ranked_latest_scan,unknown,unknown,unknown,unknown,,,,
SSBI,Tier 3,Small Cap,opportunistic,not_ranked_latest_scan,unknown,unknown,unknown,unknown,,,,
BKKT,Tier 3,Mid Cap,opportunistic,not_ranked_latest_scan,unknown,unknown,unknown,unknown,,,,
VACI,Tier 3,Mid Cap,opportunistic,not_ranked_latest_scan,unknown,unknown,unknown,unknown,,,,
ELVN,Tier 3,Small Cap,opportunistic,active,acceptable,acceptable,acceptable,acceptable,30926357.02,2048233344.0,65.0,25.82
WYNN,Tier 3,Small Cap,opportunistic,active,strong,strong,acceptable,acceptable,142312690.15,10879963136.0,65.0,57.38
RAVE,Tier 3,Small Cap,opportunistic,not_ranked_latest_scan,unknown,unknown,unknown,unknown,,,,
MAGN,Tier 3,Mid Cap,opportunistic,not_ranked_latest_scan,unknown,unknown,unknown,unknown,,,,
CWAN,Tier 3,Mid Cap,opportunistic,active,acceptable,acceptable,acceptable,acceptable,64281550.59,7280129024.0,65.0,66.51
CLBR,Tier 3,Mid Cap,opportunistic,not_ranked_latest_scan,unknown,unknown,unknown,unknown,,,,
MGRC,Tier 3,Small Cap,opportunistic,not_ranked_latest_scan,unknown,unknown,unknown,unknown,,,,
ICUI,Tier 3,Small Cap,opportunistic,active,acceptable,acceptable,acceptable,acceptable,40903844.19,3436117760.0,65.0,61.18
IKT,Tier 3,Small Cap,opportunistic,not_ranked_latest_scan,unknown,unknown,unknown,unknown,,,,
LAWR,Tier 3,Small Cap,opportunistic,not_ranked_latest_scan,unknown,unknown,unknown,unknown,,,,
BRUN,Tier 3,Small Cap,opportunistic,active,acceptable,acceptable,acceptable,acceptable,72525652.46,1820131456.0,65.0,37.06
EQT,Tier 3,Mid Cap,opportunistic,active,acceptable,strong,strong,acceptable,24818664.91,33137825792.0,100.0,53.69
LTH,Tier 3,Mid Cap,opportunistic,active,acceptable,acceptable,acceptable,acceptable,90996188.85,7379280896.0,65.0,68.7
DLX,Tier 3,Mid Cap,opportunistic,not_ranked_latest_scan,unknown,unknown,unknown,unknown,,,,
BATRA,Tier 3,Small Cap,opportunistic,not_ranked_latest_scan,unknown,unknown,unknown,unknown,,,,
COR,Tier 3,Mid Cap,opportunistic,active,acceptable,strong,strong,acceptable,30584058.32,53325291520.0,100.0,43.65
DG,Tier 3,Mid Cap,opportunistic,active,acceptable,strong,strong,acceptable,27481003.02,23563065344.0,100.0,44.08
INTJ,Tier 3,Small Cap,opportunistic,not_ranked_latest_scan,unknown,unknown,unknown,unknown,,,,
SI,Tier 3,Mid Cap,opportunistic,not_ranked_latest_scan,unknown,unknown,unknown,unknown,,,,
WBUY,Tier 3,Small Cap,opportunistic,not_ranked_latest_scan,unknown,unknown,unknown,unknown,,,,
CRVS,Tier 3,Small Cap,opportunistic,not_ranked_latest_scan,unknown,unknown,unknown,unknown,,,,
NN,Tier 3,Small Cap,opportunistic,active,acceptable,acceptable,acceptable,acceptable,61270021.15,2867904512.0,65.0,33.73
CELC,Tier 3,Small Cap,opportunistic,active,strong,acceptable,acceptable,acceptable,188270920.19,4263636480.0,65.0,11.77
AKA,Tier 3,Mid Cap,opportunistic,not_ranked_latest_scan,unknown,unknown,unknown,unknown,,,,
TECH,Tier 3,Small Cap,opportunistic,active,strong,acceptable,acceptable,acceptable,146916286.77,8243344896.0,65.0,47.97
SUMA,Tier 3,Small Cap,opportunistic,not_ranked_latest_scan,unknown,unknown,unknown,unknown,,,,
DTIL,Tier 3,Small Cap,opportunistic,not_ranked_latest_scan,unknown,unknown,unknown,unknown,,,,
HBAN,Tier 3,Small Cap,opportunistic,active,acceptable,strong,strong,acceptable,20778142.17,33427384320.0,100.0,62.76
EXPD,Tier 3,Mid Cap,opportunistic,active,strong,strong,acceptable,acceptable,180304557.85,21376503808.0,65.0,78.11
FVR,Tier 3,Mid Cap,opportunistic,not_ranked_latest_scan,unknown,unknown,unknown,unknown,,,,
HLT,Tier 3,Mid Cap,opportunistic,active,acceptable,strong,strong,acceptable,26296964.98,77543866368.0,100.0,76.29
CVM,Tier 3,Mid Cap,opportunistic,not_ranked_latest_scan,unknown,unknown,unknown,unknown,,,,
RHLD,Tier 3,Mid Cap,opportunistic,not_ranked_latest_scan,unknown,unknown,unknown,unknown,,,,
KINS,Tier 3,Small Cap,opportunistic,not_ranked_latest_scan,unknown,unknown,unknown,unknown,,,,
INGM,Tier 3,Mid Cap,opportunistic,active,acceptable,acceptable,acceptable,acceptable,35253145.56,6805029376.0,65.0,70.73
BGMS,Tier 3,Small Cap,opportunistic,not_ranked_latest_scan,unknown,unknown,unknown,unknown,,,,
IGC,Tier 3,Mid Cap,opportunistic,not_ranked_latest_scan,unknown,unknown,unknown,unknown,,,,
UTI,Tier 3,Mid Cap,opportunistic,active,acceptable,acceptable,acceptable,acceptable,62299218.7,2365436928.0,65.0,51.8
IBAC,Tier 3,Small Cap,opportunistic,not_ranked_latest_scan,unknown,unknown,unknown,unknown,,,,
AORT,Tier 3,Mid Cap,opportunistic,not_ranked_latest_scan,unknown,unknown,unknown,unknown,,,,
HIPO,Tier 3,Mid Cap,opportunistic,not_ranked_latest_scan,unknown,unknown,unknown,unknown,,,,
SBC,Tier 3,Small Cap,opportunistic,not_ranked_latest_scan,unknown,unknown,unknown,unknown,,,,
RCKT,Tier 3,Small Cap,opportunistic,not_ranked_latest_scan,unknown,unknown,unknown,unknown,,,,
CLWT,Tier 3,Small Cap,opportunistic,not_ranked_latest_scan,unknown,unknown,unknown,unknown,,,,
DSP,Tier 3,Small Cap,opportunistic,not_ranked_latest_scan,unknown,unknown,unknown,unknown,,,,
WSR,Tier 3,Mid Cap,opportunistic,not_ranked_latest_scan,unknown,unknown,unknown,unknown,,,,
RYAM,Tier 3,Mid Cap,opportunistic,not_ranked_latest_scan,unknown,unknown,unknown,unknown,,,,
MLYS,Tier 3,Small Cap,opportunistic,active,acceptable,acceptable,acceptable,acceptable,48700403.9,1983565824.0,65.0,10.08
SDGR,Tier 3,Small Cap,opportunistic,not_ranked_latest_scan,unknown,unknown,unknown,unknown,,,,
CBNA,Tier 3,Mid Cap,opportunistic,not_ranked_latest_scan,unknown,unknown,unknown,unknown,,,,
LXU,Tier 3,Mid Cap,opportunistic,not_ranked_latest_scan,unknown,unknown,unknown,unknown,,,,
TROX,Tier 3,Mid Cap,opportunistic,active,acceptable,acceptable,acceptable,acceptable,24087206.26,1164525952.0,65.0,18.01
USAR,Tier 3,Small Cap,opportunistic,active,strong,acceptable,acceptable,acceptable,450169424.33,5433881088.0,65.0,8.65
CHD,Tier 3,Mid Cap,opportunistic,active,strong,strong,acceptable,acceptable,194690463.88,22592571392.0,65.0,63.05
MRP,Tier 3,Mid Cap,opportunistic,active,acceptable,acceptable,acceptable,acceptable,44778608.13,4798785024.0,65.0,56.49
ASB,Tier 3,Mid Cap,opportunistic,active,acceptable,acceptable,acceptable,acceptable,45175615.8,5248114688.0,65.0,75.01
GNW,Tier 3,Mid Cap,opportunistic,active,acceptable,acceptable,acceptable,acceptable,22205328.93,3286219264.0,65.0,47.8
HUMA,Tier 3,Small Cap,opportunistic,not_ranked_latest_scan,unknown,unknown,unknown,unknown,,,,
WELL,Tier 3,Mid Cap,opportunistic,active,acceptable,strong,strong,acceptable,32327346.12,141182894080.0,100.0,49.66
UTSI,Tier 3,Small Cap,opportunistic,not_ranked_latest_scan,unknown,unknown,unknown,unknown,,,,
CNVS,Tier 3,Small Cap,opportunistic,not_ranked_latest_scan,unknown,unknown,unknown,unknown,,,,
WMG,Tier 3,Small Cap,opportunistic,active,acceptable,strong,acceptable,acceptable,95640318.65,15653682176.0,65.0,57.72
AGBK,Tier 3,Mid Cap,opportunistic,not_ranked_latest_scan,unknown,unknown,unknown,unknown,,,,
ELAN,Tier 3,Mid Cap,opportunistic,active,strong,strong,acceptable,acceptable,159196744.06,11826965504.0,65.0,49.79
LH,Tier 3,Mid Cap,opportunistic,active,strong,strong,acceptable,acceptable,147559936.41,21484820480.0,65.0,53.51
GIW,Tier 3,Small Cap,opportunistic,not_ranked_latest_scan,unknown,unknown,unknown,unknown,,,,
IQV,Tier 3,Mid Cap,opportunistic,active,acceptable,strong,strong,acceptable,21063044.13,30657861632.0,100.0,58.32
JOB,Tier 3,Mid Cap,opportunistic,not_ranked_latest_scan,unknown,unknown,unknown,unknown,,,,
LXRX,Tier 3,Small Cap,opportunistic,not_ranked_latest_scan,unknown,unknown,unknown,unknown,,,,
GTM,Tier 3,Small Cap,opportunistic,not_ranked_latest_scan,unknown,unknown,unknown,unknown,,,,
BOLT,Tier 3,Small Cap,opportunistic,not_ranked_latest_scan,unknown,unknown,unknown,unknown,,,,
RGEN,Tier 3,Small Cap,opportunistic,active,strong,acceptable,acceptable,acceptable,139949063.42,7069582336.0,65.0,50.38
GLXY,Tier 3,Small Cap,opportunistic,active,strong,strong,acceptable,acceptable,174461860.33,11895852032.0,65.0,36.44
IAG,Tier 3,Mid Cap,opportunistic,active,acceptable,acceptable,acceptable,acceptable,88476882.81,9016800256.0,65.0,34.79
MANH,Tier 3,Small Cap,opportunistic,active,acceptable,acceptable,acceptable,acceptable,83882654.83,8690097152.0,65.0,60.32
WAY,Tier 3,Small Cap,opportunistic,active,acceptable,acceptable,acceptable,acceptable,46052165.04,3640608768.0,65.0,39.43
CRI,Tier 3,Mid Cap,opportunistic,active,acceptable,acceptable,acceptable,acceptable,32797296.99,1443050496.0,65.0,63.95
COF,Tier 3,Mid Cap,opportunistic,active,acceptable,strong,strong,acceptable,47965802.83,112255393792.0,100.0,41.75
KR,Tier 3,Mid Cap,opportunistic,active,acceptable,strong,strong,acceptable,20759884.15,38818660352.0,100.0,46.04
CSAN,Tier 3,Mid Cap,opportunistic,not_ranked_latest_scan,unknown,unknown,unknown,unknown,,,,
CHDN,Tier 3,Small Cap,opportunistic,active,acceptable,acceptable,acceptable,acceptable,69553925.85,6052479488.0,65.0,47.98
MGLD,Tier 3,Mid Cap,opportunistic,not_ranked_latest_scan,unknown,unknown,unknown,unknown,,,,
BNL,Tier 3,Mid Cap,opportunistic,active,acceptable,acceptable,acceptable,acceptable,33914536.48,4127290368.0,65.0,77.71
MUR,Tier 3,Mid Cap,opportunistic,active,acceptable,acceptable,acceptable,acceptable,63315267.14,5735415808.0,65.0,68.25
AMRZ,Tier 3,Mid Cap,opportunistic,active,strong,strong,acceptable,acceptable,179093178.82,28119660544.0,65.0,47.68
SAIA,Tier 3,Small Cap,opportunistic,active,strong,strong,acceptable,acceptable,163071230.08,12787011584.0,65.0,70.53
ACGC,Tier 3,Small Cap,opportunistic,not_ranked_latest_scan,unknown,unknown,unknown,unknown,,,,
WBTN,Tier 3,Small Cap,opportunistic,not_ranked_latest_scan,unknown,unknown,unknown,unknown,,,,
CTGO,Tier 3,Mid Cap,opportunistic,not_ranked_latest_scan,unknown,unknown,unknown,unknown,,,,
DCH,Tier 3,Mid Cap,opportunistic,active,acceptable,acceptable,acceptable,acceptable,28728439.78,1490663168.0,65.0,33.11
CAQ,Tier 3,Small Cap,opportunistic,not_ranked_latest_scan,unknown,unknown,unknown,unknown,,,,
PTGX,Tier 3,Small Cap,opportunistic,active,acceptable,acceptable,acceptable,acceptable,54658025.36,6304443904.0,65.0,47.39
FPH,Tier 3,Mid Cap,opportunistic,not_ranked_latest_scan,unknown,unknown,unknown,unknown,,,,
JYD,Tier 3,Small Cap,opportunistic,not_ranked_latest_scan,unknown,unknown,unknown,unknown,,,,
