sample,timestamp_utc,name,cpu,mem_usage,mem_percent
1,2026-06-09T13:39:41Z,market-alpha-scanner-market-alpha-scanner-job-run-a486146f8b81,12.34%,125.7MiB / 2GiB,6.14%
1,2026-06-09T13:39:41Z,market-alpha-frontend,0.51%,170.2MiB / 31.08GiB,0.53%
1,2026-06-09T13:39:41Z,market-alpha-frontend-hot-api,0.00%,126.1MiB / 31.08GiB,0.40%
1,2026-06-09T13:39:41Z,hdsm-caddy,0.00%,22.64MiB / 31.08GiB,0.07%
1,2026-06-09T13:39:41Z,market-alpha-scanner-market-alpha-postgres-1,0.36%,2.475GiB / 31.08GiB,7.96%
1,2026-06-09T13:39:41Z,hdsm-app,0.00%,83.5MiB / 31.08GiB,0.26%
1,2026-06-09T13:39:41Z,hdsm-mysql,3.56%,27.91MiB / 31.08GiB,0.09%
2,2026-06-09T13:40:15Z,market-alpha-scanner-market-alpha-scanner-job-run-a486146f8b81,100.64%,131.5MiB / 2GiB,6.42%
2,2026-06-09T13:40:15Z,market-alpha-frontend,1.03%,181.4MiB / 31.08GiB,0.57%
2,2026-06-09T13:40:15Z,market-alpha-frontend-hot-api,0.00%,126.1MiB / 31.08GiB,0.40%
2,2026-06-09T13:40:15Z,hdsm-caddy,0.23%,23.77MiB / 31.08GiB,0.07%
2,2026-06-09T13:40:15Z,market-alpha-scanner-market-alpha-postgres-1,0.23%,2.467GiB / 31.08GiB,7.94%
2,2026-06-09T13:40:15Z,hdsm-app,0.01%,83.6MiB / 31.08GiB,0.26%
2,2026-06-09T13:40:15Z,hdsm-mysql,0.79%,27.65MiB / 31.08GiB,0.09%
3,2026-06-09T13:41:12Z,market-alpha-scanner-market-alpha-scanner-job-run-a486146f8b81,3.27%,142.5MiB / 2GiB,6.96%
3,2026-06-09T13:41:12Z,market-alpha-frontend,0.00%,171.2MiB / 31.08GiB,0.54%
3,2026-06-09T13:41:12Z,market-alpha-frontend-hot-api,0.00%,126.1MiB / 31.08GiB,0.40%
3,2026-06-09T13:41:12Z,hdsm-caddy,0.00%,25.53MiB / 31.08GiB,0.08%
3,2026-06-09T13:41:12Z,market-alpha-scanner-market-alpha-postgres-1,0.04%,2.456GiB / 31.08GiB,7.90%
3,2026-06-09T13:41:12Z,hdsm-app,0.01%,82.99MiB / 31.08GiB,0.26%
3,2026-06-09T13:41:12Z,hdsm-mysql,0.94%,27.65MiB / 31.08GiB,0.09%
4,2026-06-09T13:41:58Z,market-alpha-scanner-market-alpha-scanner-job-run-a486146f8b81,19.49%,193.6MiB / 2GiB,9.46%
4,2026-06-09T13:41:58Z,market-alpha-frontend,0.00%,178.5MiB / 31.08GiB,0.56%
4,2026-06-09T13:41:58Z,market-alpha-frontend-hot-api,0.00%,126.1MiB / 31.08GiB,0.40%
4,2026-06-09T13:41:58Z,hdsm-caddy,0.00%,25.53MiB / 31.08GiB,0.08%
4,2026-06-09T13:41:58Z,market-alpha-scanner-market-alpha-postgres-1,0.02%,2.464GiB / 31.08GiB,7.93%
4,2026-06-09T13:41:58Z,hdsm-app,0.01%,83.04MiB / 31.08GiB,0.26%
4,2026-06-09T13:41:58Z,hdsm-mysql,0.88%,27.65MiB / 31.08GiB,0.09%
5,2026-06-09T13:43:11Z,market-alpha-scanner-market-alpha-scanner-job-run-a486146f8b81,20.24%,316.4MiB / 2GiB,15.45%
5,2026-06-09T13:43:11Z,market-alpha-frontend,0.45%,172MiB / 31.08GiB,0.54%
5,2026-06-09T13:43:11Z,market-alpha-frontend-hot-api,0.00%,126.1MiB / 31.08GiB,0.40%
5,2026-06-09T13:43:11Z,hdsm-caddy,2.57%,26.85MiB / 31.08GiB,0.08%
5,2026-06-09T13:43:11Z,market-alpha-scanner-market-alpha-postgres-1,0.11%,2.464GiB / 31.08GiB,7.93%
5,2026-06-09T13:43:11Z,hdsm-app,0.00%,83.19MiB / 31.08GiB,0.26%
5,2026-06-09T13:43:11Z,hdsm-mysql,0.99%,27.66MiB / 31.08GiB,0.09%
6,2026-06-09T13:44:18Z,market-alpha-scanner-market-alpha-scanner-job-run-a486146f8b81,9.00%,341.4MiB / 2GiB,16.67%
6,2026-06-09T13:44:18Z,market-alpha-frontend,0.00%,171.4MiB / 31.08GiB,0.54%
6,2026-06-09T13:44:18Z,market-alpha-frontend-hot-api,0.00%,126.1MiB / 31.08GiB,0.40%
6,2026-06-09T13:44:18Z,hdsm-caddy,0.00%,27.2MiB / 31.08GiB,0.09%
6,2026-06-09T13:44:18Z,market-alpha-scanner-market-alpha-postgres-1,2.30%,2.447GiB / 31.08GiB,7.87%
6,2026-06-09T13:44:18Z,hdsm-app,0.00%,83.29MiB / 31.08GiB,0.26%
6,2026-06-09T13:44:18Z,hdsm-mysql,0.90%,27.66MiB / 31.08GiB,0.09%
7,2026-06-09T13:46:32Z,market-alpha-scanner-market-alpha-scanner-job-run-a486146f8b81,15.08%,498.4MiB / 2GiB,24.33%
7,2026-06-09T13:46:32Z,market-alpha-frontend,0.00%,183.1MiB / 31.08GiB,0.58%
7,2026-06-09T13:46:32Z,market-alpha-frontend-hot-api,0.00%,126.1MiB / 31.08GiB,0.40%
7,2026-06-09T13:46:32Z,hdsm-caddy,0.00%,23.7MiB / 31.08GiB,0.07%
7,2026-06-09T13:46:32Z,market-alpha-scanner-market-alpha-postgres-1,0.01%,2.455GiB / 31.08GiB,7.90%
7,2026-06-09T13:46:32Z,hdsm-app,0.01%,83.55MiB / 31.08GiB,0.26%
7,2026-06-09T13:46:32Z,hdsm-mysql,0.84%,27.65MiB / 31.08GiB,0.09%
8,2026-06-09T13:48:33Z,market-alpha-scanner-market-alpha-scanner-job-run-a486146f8b81,14.14%,503.6MiB / 2GiB,24.59%
8,2026-06-09T13:48:33Z,market-alpha-frontend,0.00%,181.4MiB / 31.08GiB,0.57%
8,2026-06-09T13:48:33Z,market-alpha-frontend-hot-api,0.00%,126.1MiB / 31.08GiB,0.40%
8,2026-06-09T13:48:33Z,hdsm-caddy,0.00%,24.65MiB / 31.08GiB,0.08%
8,2026-06-09T13:48:33Z,market-alpha-scanner-market-alpha-postgres-1,0.06%,2.464GiB / 31.08GiB,7.93%
8,2026-06-09T13:48:33Z,hdsm-app,0.01%,83.6MiB / 31.08GiB,0.26%
8,2026-06-09T13:48:33Z,hdsm-mysql,0.83%,27.66MiB / 31.08GiB,0.09%
101,2026-06-09T13:56:01Z,market-alpha-scanner-market-alpha-scanner-job-run-43eb9a3c0869,101.05%,120MiB / 2GiB,5.86%
101,2026-06-09T13:56:01Z,market-alpha-frontend,0.00%,195.8MiB / 31.08GiB,0.62%
101,2026-06-09T13:56:01Z,market-alpha-frontend-hot-api,0.00%,125.7MiB / 31.08GiB,0.40%
101,2026-06-09T13:56:01Z,hdsm-caddy,0.00%,21.86MiB / 31.08GiB,0.07%
101,2026-06-09T13:56:01Z,market-alpha-scanner-market-alpha-postgres-1,2.19%,2.455GiB / 31.08GiB,7.90%
101,2026-06-09T13:56:01Z,hdsm-app,0.00%,83.4MiB / 31.08GiB,0.26%
101,2026-06-09T13:56:01Z,hdsm-mysql,0.43%,27.66MiB / 31.08GiB,0.09%
102,2026-06-09T13:57:14Z,market-alpha-scanner-market-alpha-scanner-job-run-43eb9a3c0869,99.96%,129.4MiB / 2GiB,6.32%
102,2026-06-09T13:57:14Z,market-alpha-frontend,0.00%,180.8MiB / 31.08GiB,0.57%
102,2026-06-09T13:57:14Z,market-alpha-frontend-hot-api,0.00%,125.8MiB / 31.08GiB,0.40%
102,2026-06-09T13:57:14Z,hdsm-caddy,0.00%,22.47MiB / 31.08GiB,0.07%
102,2026-06-09T13:57:14Z,market-alpha-scanner-market-alpha-postgres-1,0.01%,2.464GiB / 31.08GiB,7.93%
102,2026-06-09T13:57:14Z,hdsm-app,11.07%,83.57MiB / 31.08GiB,0.26%
102,2026-06-09T13:57:14Z,hdsm-mysql,2.53%,27.74MiB / 31.08GiB,0.09%
103,2026-06-09T13:58:52Z,market-alpha-scanner-market-alpha-scanner-job-run-43eb9a3c0869,30.81%,145.9MiB / 2GiB,7.12%
103,2026-06-09T13:58:52Z,market-alpha-frontend,0.00%,181.2MiB / 31.08GiB,0.57%
103,2026-06-09T13:58:52Z,market-alpha-frontend-hot-api,0.00%,126.6MiB / 31.08GiB,0.40%
103,2026-06-09T13:58:52Z,hdsm-caddy,0.00%,22.47MiB / 31.08GiB,0.07%
103,2026-06-09T13:58:52Z,market-alpha-scanner-market-alpha-postgres-1,0.02%,2.464GiB / 31.08GiB,7.93%
103,2026-06-09T13:58:52Z,hdsm-app,0.01%,83.1MiB / 31.08GiB,0.26%
103,2026-06-09T13:58:52Z,hdsm-mysql,0.93%,27.65MiB / 31.08GiB,0.09%
104,2026-06-09T14:00:19Z,market-alpha-scanner-market-alpha-scanner-job-run-43eb9a3c0869,17.51%,312.7MiB / 2GiB,15.27%
104,2026-06-09T14:00:19Z,market-alpha-frontend,0.04%,186.2MiB / 31.08GiB,0.59%
104,2026-06-09T14:00:19Z,market-alpha-frontend-hot-api,0.00%,128.2MiB / 31.08GiB,0.40%
104,2026-06-09T14:00:19Z,hdsm-caddy,0.03%,20.42MiB / 31.08GiB,0.06%
104,2026-06-09T14:00:19Z,market-alpha-scanner-market-alpha-postgres-1,0.01%,2.464GiB / 31.08GiB,7.93%
104,2026-06-09T14:00:19Z,hdsm-app,0.01%,83.3MiB / 31.08GiB,0.26%
104,2026-06-09T14:00:19Z,hdsm-mysql,0.94%,27.65MiB / 31.08GiB,0.09%
105,2026-06-09T14:02:47Z,market-alpha-scanner-market-alpha-scanner-job-run-43eb9a3c0869,16.67%,321.8MiB / 2GiB,15.71%
105,2026-06-09T14:02:47Z,market-alpha-frontend,0.00%,180.8MiB / 31.08GiB,0.57%
105,2026-06-09T14:02:47Z,market-alpha-frontend-hot-api,0.00%,128.2MiB / 31.08GiB,0.40%
105,2026-06-09T14:02:47Z,hdsm-caddy,0.00%,22.74MiB / 31.08GiB,0.07%
105,2026-06-09T14:02:47Z,market-alpha-scanner-market-alpha-postgres-1,0.02%,2.464GiB / 31.08GiB,7.93%
105,2026-06-09T14:02:47Z,hdsm-app,0.01%,83.56MiB / 31.08GiB,0.26%
105,2026-06-09T14:02:47Z,hdsm-mysql,0.98%,27.65MiB / 31.08GiB,0.09%
106,2026-06-09T14:04:55Z,market-alpha-scanner-market-alpha-scanner-job-run-43eb9a3c0869,16.46%,326.1MiB / 2GiB,15.92%
106,2026-06-09T14:04:55Z,market-alpha-frontend,0.19%,183.6MiB / 31.08GiB,0.58%
106,2026-06-09T14:04:55Z,market-alpha-frontend-hot-api,1.08%,128.3MiB / 31.08GiB,0.40%
106,2026-06-09T14:04:55Z,hdsm-caddy,0.00%,20.99MiB / 31.08GiB,0.07%
106,2026-06-09T14:04:55Z,market-alpha-scanner-market-alpha-postgres-1,2.40%,2.464GiB / 31.08GiB,7.93%
106,2026-06-09T14:04:55Z,hdsm-app,0.01%,83.14MiB / 31.08GiB,0.26%
106,2026-06-09T14:04:55Z,hdsm-mysql,0.82%,27.65MiB / 31.08GiB,0.09%
107,2026-06-09T14:07:24Z,market-alpha-scanner-market-alpha-scanner-job-run-43eb9a3c0869,44.57%,2GiB / 2GiB,100.00%
107,2026-06-09T14:07:24Z,market-alpha-frontend,0.00%,202.7MiB / 31.08GiB,0.64%
107,2026-06-09T14:07:24Z,market-alpha-frontend-hot-api,0.00%,128.3MiB / 31.08GiB,0.40%
107,2026-06-09T14:07:24Z,hdsm-caddy,0.00%,23.79MiB / 31.08GiB,0.07%
107,2026-06-09T14:07:24Z,market-alpha-scanner-market-alpha-postgres-1,0.03%,3.999GiB / 31.08GiB,12.87%
107,2026-06-09T14:07:24Z,hdsm-app,0.00%,83.45MiB / 31.08GiB,0.26%
107,2026-06-09T14:07:24Z,hdsm-mysql,0.56%,27.65MiB / 31.08GiB,0.09%
201,2026-06-09T14:12:13Z,market-alpha-scanner-market-alpha-scanner-job-run-c7d8120ba513,16.65%,125.1MiB / 2GiB,6.11%
201,2026-06-09T14:12:13Z,market-alpha-frontend,0.00%,202.7MiB / 31.08GiB,0.64%
201,2026-06-09T14:12:13Z,market-alpha-frontend-hot-api,0.00%,128.3MiB / 31.08GiB,0.40%
201,2026-06-09T14:12:13Z,hdsm-caddy,0.00%,22.22MiB / 31.08GiB,0.07%
201,2026-06-09T14:12:13Z,market-alpha-scanner-market-alpha-postgres-1,0.02%,3.997GiB / 31.08GiB,12.86%
201,2026-06-09T14:12:13Z,hdsm-app,0.00%,83.34MiB / 31.08GiB,0.26%
201,2026-06-09T14:12:13Z,hdsm-mysql,0.49%,27.65MiB / 31.08GiB,0.09%
202,2026-06-09T14:17:47Z,market-alpha-scanner-market-alpha-scanner-job-run-c7d8120ba513,21.94%,323.3MiB / 2GiB,15.79%
202,2026-06-09T14:17:47Z,market-alpha-frontend,0.01%,203MiB / 31.08GiB,0.64%
202,2026-06-09T14:17:47Z,market-alpha-frontend-hot-api,0.00%,129MiB / 31.08GiB,0.41%
202,2026-06-09T14:17:47Z,hdsm-caddy,0.00%,19.21MiB / 31.08GiB,0.06%
202,2026-06-09T14:17:47Z,market-alpha-scanner-market-alpha-postgres-1,0.03%,3.988GiB / 31.08GiB,12.83%
202,2026-06-09T14:17:47Z,hdsm-app,0.00%,84.14MiB / 31.08GiB,0.26%
202,2026-06-09T14:17:47Z,hdsm-mysql,0.84%,27.65MiB / 31.08GiB,0.09%
203,2026-06-09T14:20:24Z,market-alpha-frontend,0.00%,203.4MiB / 31.08GiB,0.64%
203,2026-06-09T14:20:24Z,market-alpha-frontend-hot-api,0.00%,129MiB / 31.08GiB,0.41%
203,2026-06-09T14:20:24Z,hdsm-caddy,0.00%,21.78MiB / 31.08GiB,0.07%
203,2026-06-09T14:20:24Z,market-alpha-scanner-market-alpha-postgres-1,0.04%,285.9MiB / 31.08GiB,0.90%
203,2026-06-09T14:20:24Z,hdsm-app,0.01%,83.61MiB / 31.08GiB,0.26%
203,2026-06-09T14:20:24Z,hdsm-mysql,0.94%,27.66MiB / 31.08GiB,0.09%
301,2026-06-09T14:22:10Z,market-alpha-scanner-market-alpha-scanner-job-run-6bd42eaa413c,86.74%,120MiB / 4GiB,2.93%
301,2026-06-09T14:22:10Z,market-alpha-frontend,0.00%,203.4MiB / 31.08GiB,0.64%
301,2026-06-09T14:22:10Z,market-alpha-frontend-hot-api,0.00%,129.1MiB / 31.08GiB,0.41%
301,2026-06-09T14:22:10Z,hdsm-caddy,0.04%,22.3MiB / 31.08GiB,0.07%
301,2026-06-09T14:22:10Z,market-alpha-scanner-market-alpha-postgres-1,2.08%,274.6MiB / 31.08GiB,0.86%
301,2026-06-09T14:22:10Z,hdsm-app,0.00%,83.61MiB / 31.08GiB,0.26%
301,2026-06-09T14:22:10Z,hdsm-mysql,1.08%,27.65MiB / 31.08GiB,0.09%
302,2026-06-09T14:28:05Z,market-alpha-scanner-market-alpha-scanner-job-run-6bd42eaa413c,17.99%,322.1MiB / 4GiB,7.86%
302,2026-06-09T14:28:05Z,market-alpha-frontend,0.02%,203.5MiB / 31.08GiB,0.64%
302,2026-06-09T14:28:05Z,market-alpha-frontend-hot-api,0.02%,129.5MiB / 31.08GiB,0.41%
302,2026-06-09T14:28:05Z,hdsm-caddy,0.00%,17.88MiB / 31.08GiB,0.06%
302,2026-06-09T14:28:05Z,market-alpha-scanner-market-alpha-postgres-1,0.02%,274.6MiB / 31.08GiB,0.86%
302,2026-06-09T14:28:05Z,hdsm-app,0.02%,83.27MiB / 31.08GiB,0.26%
302,2026-06-09T14:28:05Z,hdsm-mysql,2.97%,27.7MiB / 31.08GiB,0.09%
303,2026-06-09T14:31:17Z,market-alpha-scanner-market-alpha-scanner-job-run-6bd42eaa413c,100.74%,3.023GiB / 4GiB,75.58%
303,2026-06-09T14:31:17Z,market-alpha-frontend,0.16%,203.5MiB / 31.08GiB,0.64%
303,2026-06-09T14:31:17Z,market-alpha-frontend-hot-api,0.00%,128.4MiB / 31.08GiB,0.40%
303,2026-06-09T14:31:17Z,hdsm-caddy,0.00%,21.82MiB / 31.08GiB,0.07%
303,2026-06-09T14:31:17Z,market-alpha-scanner-market-alpha-postgres-1,0.17%,276.4MiB / 31.08GiB,0.87%
303,2026-06-09T14:31:17Z,hdsm-app,0.00%,82.96MiB / 31.08GiB,0.26%
303,2026-06-09T14:31:17Z,hdsm-mysql,0.61%,27.02MiB / 31.08GiB,0.08%
304,2026-06-09T14:31:44Z,market-alpha-scanner-market-alpha-scanner-job-run-6bd42eaa413c,22.99%,3.621GiB / 4GiB,90.52%
304,2026-06-09T14:31:44Z,market-alpha-frontend,0.00%,203.5MiB / 31.08GiB,0.64%
304,2026-06-09T14:31:44Z,market-alpha-frontend-hot-api,0.00%,129.1MiB / 31.08GiB,0.41%
304,2026-06-09T14:31:44Z,hdsm-caddy,0.00%,21.8MiB / 31.08GiB,0.07%
304,2026-06-09T14:31:44Z,market-alpha-scanner-market-alpha-postgres-1,14.64%,278.7MiB / 31.08GiB,0.88%
304,2026-06-09T14:31:44Z,hdsm-app,0.00%,90.45MiB / 31.08GiB,0.28%
304,2026-06-09T14:31:44Z,hdsm-mysql,0.52%,27.1MiB / 31.08GiB,0.09%
